filepath,true_label,predicted_label
inputs/datasets/animals/image/test/antelope/00001-2074659867.png,antelope,antelope
inputs/datasets/animals/image/test/antelope/00002-2074659868.png,antelope,antelope
inputs/datasets/animals/image/test/antelope/00007-2074659873.png,antelope,antelope
inputs/datasets/animals/image/test/antelope/00010-2074659876.png,antelope,antelope
inputs/datasets/animals/image/test/antelope/00019-2074659885.png,antelope,antelope
inputs/datasets/animals/image/test/antelope/00020-2074659886.png,antelope,antelope
inputs/datasets/animals/image/test/antelope/00029-2074659895.png,antelope,antelope
inputs/datasets/animals/image/test/antelope/00031-2074659897.png,antelope,antelope
inputs/datasets/animals/image/test/antelope/00036-2074659902.png,antelope,antelope
inputs/datasets/animals/image/test/antelope/00038-2074659904.png,antelope,antelope
inputs/datasets/animals/image/test/antelope/00040-2074659906.png,antelope,antelope
inputs/datasets/animals/image/test/antelope/00051-2074659917.png,antelope,antelope
inputs/datasets/animals/image/test/antelope/00052-2074659918.png,antelope,antelope
inputs/datasets/animals/image/test/antelope/00055-2074659921.png,antelope,antelope
inputs/datasets/animals/image/test/antelope/00060-2074659926.png,antelope,antelope
inputs/datasets/animals/image/test/antelope/00062-2074659928.png,antelope,antelope
inputs/datasets/animals/image/test/antelope/00068-2074659934.png,antelope,antelope
inputs/datasets/animals/image/test/antelope/00081-2074659947.png,antelope,antelope
inputs/datasets/animals/image/test/antelope/00085-2074659951.png,antelope,antelope
inputs/datasets/animals/image/test/antelope/00088-2074659954.png,antelope,antelope
inputs/datasets/animals/image/test/antelope/00090-2074659956.png,antelope,antelope
inputs/datasets/animals/image/test/antelope/00098-2074659964.png,antelope,antelope
inputs/datasets/animals/image/test/antelope/00103-2074659969.png,antelope,antelope
inputs/datasets/animals/image/test/antelope/00104-2074659970.png,antelope,antelope
inputs/datasets/animals/image/test/antelope/00108-2074659974.png,antelope,antelope
inputs/datasets/animals/image/test/antelope/00114-2074659980.png,antelope,antelope
inputs/datasets/animals/image/test/antelope/00116-2074659982.png,antelope,antelope
inputs/datasets/animals/image/test/antelope/00119-2074659985.png,antelope,antelope
inputs/datasets/animals/image/test/antelope/00132-2074659998.png,antelope,antelope
inputs/datasets/animals/image/test/antelope/00139-2074660005.png,antelope,antelope
inputs/datasets/animals/image/test/antelope/00142-2074660008.png,antelope,antelope
inputs/datasets/animals/image/test/antelope/00149-2074660015.png,antelope,antelope
inputs/datasets/animals/image/test/antelope/00152-2074660018.png,antelope,antelope
inputs/datasets/animals/image/test/antelope/00163-2074660029.png,antelope,antelope
inputs/datasets/animals/image/test/antelope/00166-2074660032.png,antelope,antelope
inputs/datasets/animals/image/test/antelope/00174-2074660040.png,antelope,antelope
inputs/datasets/animals/image/test/antelope/00180-2074660046.png,antelope,antelope
inputs/datasets/animals/image/test/antelope/00183-2074660049.png,antelope,antelope
inputs/datasets/animals/image/test/antelope/00186-2074660052.png,antelope,antelope
inputs/datasets/animals/image/test/antelope/00189-2074660055.png,antelope,antelope
inputs/datasets/animals/image/test/antelope/00191-2074660057.png,antelope,antelope
inputs/datasets/animals/image/test/antelope/00192-2074660058.png,antelope,antelope
inputs/datasets/animals/image/test/antelope/00206-2074660072.png,antelope,antelope
inputs/datasets/animals/image/test/antelope/00213-2074660079.png,antelope,antelope
inputs/datasets/animals/image/test/bear/00434-63138585.png,bear,bear
inputs/datasets/animals/image/test/bear/00440-63138591.png,bear,bear
inputs/datasets/animals/image/test/bear/00445-63138596.png,bear,bear
inputs/datasets/animals/image/test/bear/00446-63138597.png,bear,bear
inputs/datasets/animals/image/test/bear/00447-63138598.png,bear,bear
inputs/datasets/animals/image/test/bear/00448-63138599.png,bear,bear
inputs/datasets/animals/image/test/bear/00458-63138609.png,bear,bear
inputs/datasets/animals/image/test/bear/00459-63138610.png,bear,panda
inputs/datasets/animals/image/test/bear/00461-63138612.png,bear,bear
inputs/datasets/animals/image/test/bear/00472-63138623.png,bear,bear
inputs/datasets/animals/image/test/bear/00479-63138630.png,bear,bear
inputs/datasets/animals/image/test/bear/00493-63138644.png,bear,bear
inputs/datasets/animals/image/test/bear/00497-63138648.png,bear,bear
inputs/datasets/animals/image/test/bear/00498-63138649.png,bear,bear
inputs/datasets/animals/image/test/bear/00502-63138653.png,bear,bear
inputs/datasets/animals/image/test/bear/00513-63138664.png,bear,bear
inputs/datasets/animals/image/test/bear/00514-63138665.png,bear,bear
inputs/datasets/animals/image/test/bear/00518-63138669.png,bear,bear
inputs/datasets/animals/image/test/bear/00521-63138672.png,bear,bear
inputs/datasets/animals/image/test/bear/00523-63138674.png,bear,bear
inputs/datasets/animals/image/test/bear/00524-63138675.png,bear,bear
inputs/datasets/animals/image/test/bear/00528-63138679.png,bear,bear
inputs/datasets/animals/image/test/bear/00532-63138683.png,bear,bear
inputs/datasets/animals/image/test/bear/00538-63138689.png,bear,bear
inputs/datasets/animals/image/test/bear/00551-63138702.png,bear,bear
inputs/datasets/animals/image/test/bear/00560-63138711.png,bear,bear
inputs/datasets/animals/image/test/bear/00567-63138718.png,bear,bear
inputs/datasets/animals/image/test/bear/00573-63138724.png,bear,bear
inputs/datasets/animals/image/test/bear/00576-63138727.png,bear,bear
inputs/datasets/animals/image/test/bear/00578-63138729.png,bear,bear
inputs/datasets/animals/image/test/bear/00579-63138730.png,bear,bear
inputs/datasets/animals/image/test/bear/00580-63138731.png,bear,bear
inputs/datasets/animals/image/test/bear/00581-63138732.png,bear,bear
inputs/datasets/animals/image/test/bear/00588-63138739.png,bear,bear
inputs/datasets/animals/image/test/bear/00603-63138754.png,bear,bear
inputs/datasets/animals/image/test/bear/00608-63138759.png,bear,bear
inputs/datasets/animals/image/test/bear/00617-63138768.png,bear,bear
inputs/datasets/animals/image/test/bear/00620-63138771.png,bear,bear
inputs/datasets/animals/image/test/bear/00629-63138780.png,bear,bear
inputs/datasets/animals/image/test/bear/00633-63138784.png,bear,bear
inputs/datasets/animals/image/test/bear/00634-63138785.png,bear,bear
inputs/datasets/animals/image/test/bear/00635-63138786.png,bear,bear
inputs/datasets/animals/image/test/bear/00639-63138790.png,bear,bear
inputs/datasets/animals/image/test/bear/00642-63138793.png,bear,bear
inputs/datasets/animals/image/test/beaver/08432-3693399703.png,beaver,beaver
inputs/datasets/animals/image/test/beaver/08455-3693399726.png,beaver,beaver
inputs/datasets/animals/image/test/beaver/08465-3693399736.png,beaver,beaver
inputs/datasets/animals/image/test/beaver/08468-3693399739.png,beaver,beaver
inputs/datasets/animals/image/test/beaver/08470-3693399741.png,beaver,beaver
inputs/datasets/animals/image/test/beaver/08486-3693399757.png,beaver,beaver
inputs/datasets/animals/image/test/beaver/08495-3693399766.png,beaver,beaver
inputs/datasets/animals/image/test/beaver/08501-3693399772.png,beaver,beaver
inputs/datasets/animals/image/test/beaver/08502-3693399773.png,beaver,beaver
inputs/datasets/animals/image/test/beaver/08505-3693399776.png,beaver,beaver
inputs/datasets/animals/image/test/beaver/08515-3693399786.png,beaver,beaver
inputs/datasets/animals/image/test/beaver/08526-3693399797.png,beaver,beaver
inputs/datasets/animals/image/test/beaver/08528-3693399799.png,beaver,beaver
inputs/datasets/animals/image/test/beaver/08530-3693399801.png,beaver,beaver
inputs/datasets/animals/image/test/beaver/08531-3693399802.png,beaver,beaver
inputs/datasets/animals/image/test/beaver/08532-3693399803.png,beaver,beaver
inputs/datasets/animals/image/test/beaver/08538-3693399809.png,beaver,beaver
inputs/datasets/animals/image/test/beaver/08539-3693399810.png,beaver,beaver
inputs/datasets/animals/image/test/beaver/08543-3693399814.png,beaver,beaver
inputs/datasets/animals/image/test/beaver/08548-3693399819.png,beaver,beaver
inputs/datasets/animals/image/test/beaver/08555-3693399826.png,beaver,beaver
inputs/datasets/animals/image/test/beaver/08556-3693399827.png,beaver,beaver
inputs/datasets/animals/image/test/beaver/08563-3693399834.png,beaver,beaver
inputs/datasets/animals/image/test/beaver/08566-3693399837.png,beaver,beaver
inputs/datasets/animals/image/test/beaver/08567-3693399838.png,beaver,beaver
inputs/datasets/animals/image/test/beaver/08568-3693399839.png,beaver,beaver
inputs/datasets/animals/image/test/beaver/08573-3693399844.png,beaver,beaver
inputs/datasets/animals/image/test/beaver/08580-3693399851.png,beaver,beaver
inputs/datasets/animals/image/test/beaver/08581-3693399852.png,beaver,beaver
inputs/datasets/animals/image/test/beaver/08587-3693399858.png,beaver,beaver
inputs/datasets/animals/image/test/beaver/08588-3693399859.png,beaver,beaver
inputs/datasets/animals/image/test/beaver/08589-3693399860.png,beaver,beaver
inputs/datasets/animals/image/test/beaver/08590-3693399861.png,beaver,beaver
inputs/datasets/animals/image/test/beaver/08593-3693399864.png,beaver,beaver
inputs/datasets/animals/image/test/beaver/08596-3693399867.png,beaver,beaver
inputs/datasets/animals/image/test/beaver/08598-3693399869.png,beaver,beaver
inputs/datasets/animals/image/test/beaver/08604-3693399875.png,beaver,beaver
inputs/datasets/animals/image/test/beaver/08605-3693399876.png,beaver,beaver
inputs/datasets/animals/image/test/beaver/08609-3693399880.png,beaver,beaver
inputs/datasets/animals/image/test/beaver/08616-3693399887.png,beaver,beaver
inputs/datasets/animals/image/test/beaver/08619-3693399890.png,beaver,beaver
inputs/datasets/animals/image/test/beaver/08626-3693399897.png,beaver,beaver
inputs/datasets/animals/image/test/beaver/08627-3693399898.png,beaver,beaver
inputs/datasets/animals/image/test/beaver/08635-3693399906.png,beaver,beaver
inputs/datasets/animals/image/test/bee/00651-1990933061.png,bee,bee
inputs/datasets/animals/image/test/bee/00661-1990933071.png,bee,bee
inputs/datasets/animals/image/test/bee/00665-1990933075.png,bee,bee
inputs/datasets/animals/image/test/bee/00666-1990933076.png,bee,bee
inputs/datasets/animals/image/test/bee/00668-1990933078.png,bee,bee
inputs/datasets/animals/image/test/bee/00676-1990933086.png,bee,bee
inputs/datasets/animals/image/test/bee/00681-1990933091.png,bee,bee
inputs/datasets/animals/image/test/bee/00687-1990933097.png,bee,bee
inputs/datasets/animals/image/test/bee/00688-1990933098.png,bee,bee
inputs/datasets/animals/image/test/bee/00706-1990933116.png,bee,bee
inputs/datasets/animals/image/test/bee/00720-1990933130.png,bee,bee
inputs/datasets/animals/image/test/bee/00724-1990933134.png,bee,bee
inputs/datasets/animals/image/test/bee/00729-1990933139.png,bee,bee
inputs/datasets/animals/image/test/bee/00731-1990933141.png,bee,bee
inputs/datasets/animals/image/test/bee/00733-1990933143.png,bee,bee
inputs/datasets/animals/image/test/bee/00741-1990933151.png,bee,bee
inputs/datasets/animals/image/test/bee/00746-1990933156.png,bee,bee
inputs/datasets/animals/image/test/bee/00754-1990933164.png,bee,bee
inputs/datasets/animals/image/test/bee/00758-1990933168.png,bee,bee
inputs/datasets/animals/image/test/bee/00761-1990933171.png,bee,bee
inputs/datasets/animals/image/test/bee/00764-1990933174.png,bee,bee
inputs/datasets/animals/image/test/bee/00765-1990933175.png,bee,bee
inputs/datasets/animals/image/test/bee/00771-1990933181.png,bee,bee
inputs/datasets/animals/image/test/bee/00773-1990933183.png,bee,bee
inputs/datasets/animals/image/test/bee/00774-1990933184.png,bee,bee
inputs/datasets/animals/image/test/bee/00780-1990933190.png,bee,bee
inputs/datasets/animals/image/test/bee/00783-1990933193.png,bee,bee
inputs/datasets/animals/image/test/bee/00784-1990933194.png,bee,bee
inputs/datasets/animals/image/test/bee/00785-1990933195.png,bee,bee
inputs/datasets/animals/image/test/bee/00795-1990933205.png,bee,bee
inputs/datasets/animals/image/test/bee/00805-1990933215.png,bee,bee
inputs/datasets/animals/image/test/bee/00806-1990933216.png,bee,bee
inputs/datasets/animals/image/test/bee/00807-1990933217.png,bee,bee
inputs/datasets/animals/image/test/bee/00812-1990933222.png,bee,bee
inputs/datasets/animals/image/test/bee/00819-1990933229.png,bee,bee
inputs/datasets/animals/image/test/bee/00829-1990933239.png,bee,bee
inputs/datasets/animals/image/test/bee/00836-1990933246.png,bee,bee
inputs/datasets/animals/image/test/bee/00838-1990933248.png,bee,bee
inputs/datasets/animals/image/test/bee/00839-1990933249.png,bee,bee
inputs/datasets/animals/image/test/bee/00842-1990933252.png,bee,bee
inputs/datasets/animals/image/test/bee/00847-1990933257.png,bee,bee
inputs/datasets/animals/image/test/bee/00853-1990933263.png,bee,bee
inputs/datasets/animals/image/test/bee/00856-1990933266.png,bee,bee
inputs/datasets/animals/image/test/bee/00861-1990933271.png,bee,bee
inputs/datasets/animals/image/test/bison/08641-2050076453.png,bison,bison
inputs/datasets/animals/image/test/bison/08644-2050076456.png,bison,bison
inputs/datasets/animals/image/test/bison/08647-2050076459.png,bison,bison
inputs/datasets/animals/image/test/bison/08653-2050076465.png,bison,bison
inputs/datasets/animals/image/test/bison/08656-2050076468.png,bison,bison
inputs/datasets/animals/image/test/bison/08663-2050076475.png,bison,buffalo
inputs/datasets/animals/image/test/bison/08664-2050076476.png,bison,bison
inputs/datasets/animals/image/test/bison/08666-2050076478.png,bison,bison
inputs/datasets/animals/image/test/bison/08667-2050076479.png,bison,bison
inputs/datasets/animals/image/test/bison/08676-2050076488.png,bison,bison
inputs/datasets/animals/image/test/bison/08678-2050076490.png,bison,bison
inputs/datasets/animals/image/test/bison/08683-2050076495.png,bison,bison
inputs/datasets/animals/image/test/bison/08689-2050076501.png,bison,buffalo
inputs/datasets/animals/image/test/bison/08690-2050076502.png,bison,bison
inputs/datasets/animals/image/test/bison/08699-2050076511.png,bison,bison
inputs/datasets/animals/image/test/bison/08701-2050076513.png,bison,bison
inputs/datasets/animals/image/test/bison/08703-2050076515.png,bison,bison
inputs/datasets/animals/image/test/bison/08711-2050076523.png,bison,bison
inputs/datasets/animals/image/test/bison/08721-2050076533.png,bison,bison
inputs/datasets/animals/image/test/bison/08735-2050076547.png,bison,bison
inputs/datasets/animals/image/test/bison/08736-2050076548.png,bison,bison
inputs/datasets/animals/image/test/bison/08742-2050076554.png,bison,bison
inputs/datasets/animals/image/test/bison/08743-2050076555.png,bison,bison
inputs/datasets/animals/image/test/bison/08757-2050076569.png,bison,bison
inputs/datasets/animals/image/test/bison/08763-2050076575.png,bison,bison
inputs/datasets/animals/image/test/bison/08767-2050076579.png,bison,bison
inputs/datasets/animals/image/test/bison/08773-2050076585.png,bison,bison
inputs/datasets/animals/image/test/bison/08784-2050076596.png,bison,bison
inputs/datasets/animals/image/test/bison/08786-2050076598.png,bison,bison
inputs/datasets/animals/image/test/bison/08788-2050076600.png,bison,bison
inputs/datasets/animals/image/test/bison/08794-2050076606.png,bison,bison
inputs/datasets/animals/image/test/bison/08800-2050076612.png,bison,bison
inputs/datasets/animals/image/test/bison/08801-2050076613.png,bison,bison
inputs/datasets/animals/image/test/bison/08804-2050076616.png,bison,bison
inputs/datasets/animals/image/test/bison/08807-2050076619.png,bison,bison
inputs/datasets/animals/image/test/bison/08811-2050076623.png,bison,bison
inputs/datasets/animals/image/test/bison/08816-2050076628.png,bison,bison
inputs/datasets/animals/image/test/bison/08822-2050076634.png,bison,bison
inputs/datasets/animals/image/test/bison/08827-2050076639.png,bison,bison
inputs/datasets/animals/image/test/bison/08834-2050076646.png,bison,bison
inputs/datasets/animals/image/test/bison/08835-2050076647.png,bison,bison
inputs/datasets/animals/image/test/bison/08845-2050076657.png,bison,bison
inputs/datasets/animals/image/test/bison/08852-2050076664.png,bison,bison
inputs/datasets/animals/image/test/bison/08855-2050076667.png,bison,bison
inputs/datasets/animals/image/test/blackbird/08859-2081595599.png,blackbird,blackbird
inputs/datasets/animals/image/test/blackbird/08864-2081595604.png,blackbird,blackbird
inputs/datasets/animals/image/test/blackbird/08869-2081595609.png,blackbird,blackbird
inputs/datasets/animals/image/test/blackbird/08880-2081595620.png,blackbird,blackbird
inputs/datasets/animals/image/test/blackbird/08887-2081595627.png,blackbird,blackbird
inputs/datasets/animals/image/test/blackbird/08896-2081595636.png,blackbird,blackbird
inputs/datasets/animals/image/test/blackbird/08898-2081595638.png,blackbird,blackbird
inputs/datasets/animals/image/test/blackbird/08901-2081595641.png,blackbird,blackbird
inputs/datasets/animals/image/test/blackbird/08905-2081595645.png,blackbird,blackbird
inputs/datasets/animals/image/test/blackbird/08910-2081595650.png,blackbird,blackbird
inputs/datasets/animals/image/test/blackbird/08912-2081595652.png,blackbird,blackbird
inputs/datasets/animals/image/test/blackbird/08915-2081595655.png,blackbird,blackbird
inputs/datasets/animals/image/test/blackbird/08949-2081595689.png,blackbird,blackbird
inputs/datasets/animals/image/test/blackbird/08950-2081595690.png,blackbird,blackbird
inputs/datasets/animals/image/test/blackbird/08952-2081595692.png,blackbird,blackbird
inputs/datasets/animals/image/test/blackbird/08954-2081595694.png,blackbird,blackbird
inputs/datasets/animals/image/test/blackbird/08960-2081595700.png,blackbird,blackbird
inputs/datasets/animals/image/test/blackbird/08961-2081595701.png,blackbird,blackbird
inputs/datasets/animals/image/test/blackbird/08964-2081595704.png,blackbird,blackbird
inputs/datasets/animals/image/test/blackbird/08983-2081595723.png,blackbird,blackbird
inputs/datasets/animals/image/test/blackbird/08986-2081595726.png,blackbird,blackbird
inputs/datasets/animals/image/test/blackbird/08994-2081595734.png,blackbird,blackbird
inputs/datasets/animals/image/test/blackbird/08995-2081595735.png,blackbird,blackbird
inputs/datasets/animals/image/test/blackbird/08997-2081595737.png,blackbird,blackbird
inputs/datasets/animals/image/test/blackbird/08998-2081595738.png,blackbird,blackbird
inputs/datasets/animals/image/test/blackbird/09002-2081595742.png,blackbird,blackbird
inputs/datasets/animals/image/test/blackbird/09004-2081595744.png,blackbird,blackbird
inputs/datasets/animals/image/test/blackbird/09007-2081595747.png,blackbird,blackbird
inputs/datasets/animals/image/test/blackbird/09008-2081595748.png,blackbird,blackbird
inputs/datasets/animals/image/test/blackbird/09009-2081595749.png,blackbird,blackbird
inputs/datasets/animals/image/test/blackbird/09010-2081595750.png,blackbird,blackbird
inputs/datasets/animals/image/test/blackbird/09011-2081595751.png,blackbird,blackbird
inputs/datasets/animals/image/test/blackbird/09012-2081595752.png,blackbird,blackbird
inputs/datasets/animals/image/test/blackbird/09013-2081595753.png,blackbird,blackbird
inputs/datasets/animals/image/test/blackbird/09025-2081595765.png,blackbird,blackbird
inputs/datasets/animals/image/test/blackbird/09038-2081595778.png,blackbird,blackbird
inputs/datasets/animals/image/test/blackbird/09044-2081595784.png,blackbird,blackbird
inputs/datasets/animals/image/test/blackbird/09057-2081595797.png,blackbird,blackbird
inputs/datasets/animals/image/test/blackbird/09058-2081595798.png,blackbird,blackbird
inputs/datasets/animals/image/test/blackbird/09059-2081595799.png,blackbird,blackbird
inputs/datasets/animals/image/test/blackbird/09066-2081595806.png,blackbird,blackbird
inputs/datasets/animals/image/test/blackbird/09068-2081595808.png,blackbird,blackbird
inputs/datasets/animals/image/test/blackbird/09070-2081595810.png,blackbird,blackbird
inputs/datasets/animals/image/test/blackbird/09071-2081595811.png,blackbird,blackbird
inputs/datasets/animals/image/test/buffalo/00866-1661765931.png,buffalo,buffalo
inputs/datasets/animals/image/test/buffalo/00869-1661765934.png,buffalo,buffalo
inputs/datasets/animals/image/test/buffalo/00871-1661765936.png,buffalo,buffalo
inputs/datasets/animals/image/test/buffalo/00882-1661765947.png,buffalo,buffalo
inputs/datasets/animals/image/test/buffalo/00900-1661765965.png,buffalo,buffalo
inputs/datasets/animals/image/test/buffalo/00908-1661765973.png,buffalo,buffalo
inputs/datasets/animals/image/test/buffalo/00909-1661765974.png,buffalo,cow
inputs/datasets/animals/image/test/buffalo/00914-1661765979.png,buffalo,buffalo
inputs/datasets/animals/image/test/buffalo/00920-1661765985.png,buffalo,buffalo
inputs/datasets/animals/image/test/buffalo/00928-1661765993.png,buffalo,buffalo
inputs/datasets/animals/image/test/buffalo/00929-1661765994.png,buffalo,buffalo
inputs/datasets/animals/image/test/buffalo/00931-1661765996.png,buffalo,buffalo
inputs/datasets/animals/image/test/buffalo/00950-1661766015.png,buffalo,buffalo
inputs/datasets/animals/image/test/buffalo/00957-1661766022.png,buffalo,buffalo
inputs/datasets/animals/image/test/buffalo/00958-1661766023.png,buffalo,buffalo
inputs/datasets/animals/image/test/buffalo/00962-1661766027.png,buffalo,buffalo
inputs/datasets/animals/image/test/buffalo/00965-1661766030.png,buffalo,buffalo
inputs/datasets/animals/image/test/buffalo/00970-1661766035.png,buffalo,buffalo
inputs/datasets/animals/image/test/buffalo/00971-1661766036.png,buffalo,buffalo
inputs/datasets/animals/image/test/buffalo/00979-1661766044.png,buffalo,buffalo
inputs/datasets/animals/image/test/buffalo/00983-1661766048.png,buffalo,buffalo
inputs/datasets/animals/image/test/buffalo/00985-1661766050.png,buffalo,buffalo
inputs/datasets/animals/image/test/buffalo/00988-1661766053.png,buffalo,buffalo
inputs/datasets/animals/image/test/buffalo/00989-1661766054.png,buffalo,buffalo
inputs/datasets/animals/image/test/buffalo/00996-1661766061.png,buffalo,buffalo
inputs/datasets/animals/image/test/buffalo/00998-1661766063.png,buffalo,buffalo
inputs/datasets/animals/image/test/buffalo/01008-1661766073.png,buffalo,buffalo
inputs/datasets/animals/image/test/buffalo/01015-1661766080.png,buffalo,buffalo
inputs/datasets/animals/image/test/buffalo/01024-1661766089.png,buffalo,buffalo
inputs/datasets/animals/image/test/buffalo/01026-1661766091.png,buffalo,buffalo
inputs/datasets/animals/image/test/buffalo/01033-1661766098.png,buffalo,buffalo
inputs/datasets/animals/image/test/buffalo/01035-1661766100.png,buffalo,buffalo
inputs/datasets/animals/image/test/buffalo/01037-1661766102.png,buffalo,buffalo
inputs/datasets/animals/image/test/buffalo/01046-1661766111.png,buffalo,buffalo
inputs/datasets/animals/image/test/buffalo/01052-1661766117.png,buffalo,buffalo
inputs/datasets/animals/image/test/buffalo/01061-1661766126.png,buffalo,buffalo
inputs/datasets/animals/image/test/buffalo/01063-1661766128.png,buffalo,buffalo
inputs/datasets/animals/image/test/buffalo/01064-1661766129.png,buffalo,buffalo
inputs/datasets/animals/image/test/buffalo/01066-1661766131.png,buffalo,buffalo
inputs/datasets/animals/image/test/buffalo/01067-1661766132.png,buffalo,buffalo
inputs/datasets/animals/image/test/buffalo/01069-1661766134.png,buffalo,buffalo
inputs/datasets/animals/image/test/buffalo/01072-1661766137.png,buffalo,buffalo
inputs/datasets/animals/image/test/buffalo/01076-1661766141.png,buffalo,buffalo
inputs/datasets/animals/image/test/buffalo/01077-1661766142.png,buffalo,buffalo
inputs/datasets/animals/image/test/butterfly/01087-436654400.png,butterfly,butterfly
inputs/datasets/animals/image/test/butterfly/01090-436654403.png,butterfly,butterfly
inputs/datasets/animals/image/test/butterfly/01096-436654409.png,butterfly,butterfly
inputs/datasets/animals/image/test/butterfly/01097-436654410.png,butterfly,butterfly
inputs/datasets/animals/image/test/butterfly/01100-436654413.png,butterfly,butterfly
inputs/datasets/animals/image/test/butterfly/01104-436654417.png,butterfly,butterfly
inputs/datasets/animals/image/test/butterfly/01118-436654431.png,butterfly,butterfly
inputs/datasets/animals/image/test/butterfly/01125-436654438.png,butterfly,butterfly
inputs/datasets/animals/image/test/butterfly/01130-436654443.png,butterfly,butterfly
inputs/datasets/animals/image/test/butterfly/01134-436654447.png,butterfly,butterfly
inputs/datasets/animals/image/test/butterfly/01152-436654465.png,butterfly,butterfly
inputs/datasets/animals/image/test/butterfly/01155-436654468.png,butterfly,butterfly
inputs/datasets/animals/image/test/butterfly/01157-436654470.png,butterfly,butterfly
inputs/datasets/animals/image/test/butterfly/01160-436654473.png,butterfly,butterfly
inputs/datasets/animals/image/test/butterfly/01166-436654479.png,butterfly,butterfly
inputs/datasets/animals/image/test/butterfly/01167-436654480.png,butterfly,butterfly
inputs/datasets/animals/image/test/butterfly/01170-436654483.png,butterfly,butterfly
inputs/datasets/animals/image/test/butterfly/01174-436654487.png,butterfly,butterfly
inputs/datasets/animals/image/test/butterfly/01178-436654491.png,butterfly,butterfly
inputs/datasets/animals/image/test/butterfly/01187-436654500.png,butterfly,butterfly
inputs/datasets/animals/image/test/butterfly/01189-436654502.png,butterfly,butterfly
inputs/datasets/animals/image/test/butterfly/01194-436654507.png,butterfly,butterfly
inputs/datasets/animals/image/test/butterfly/01204-436654517.png,butterfly,butterfly
inputs/datasets/animals/image/test/butterfly/01209-436654522.png,butterfly,butterfly
inputs/datasets/animals/image/test/butterfly/01215-436654528.png,butterfly,butterfly
inputs/datasets/animals/image/test/butterfly/01223-436654536.png,butterfly,butterfly
inputs/datasets/animals/image/test/butterfly/01226-436654539.png,butterfly,butterfly
inputs/datasets/animals/image/test/butterfly/01228-436654541.png,butterfly,butterfly
inputs/datasets/animals/image/test/butterfly/01232-436654545.png,butterfly,butterfly
inputs/datasets/animals/image/test/butterfly/01237-436654550.png,butterfly,butterfly
inputs/datasets/animals/image/test/butterfly/01246-436654559.png,butterfly,butterfly
inputs/datasets/animals/image/test/butterfly/01251-436654564.png,butterfly,butterfly
inputs/datasets/animals/image/test/butterfly/01252-436654565.png,butterfly,butterfly
inputs/datasets/animals/image/test/butterfly/01265-436654578.png,butterfly,butterfly
inputs/datasets/animals/image/test/butterfly/01266-436654579.png,butterfly,butterfly
inputs/datasets/animals/image/test/butterfly/01268-436654581.png,butterfly,butterfly
inputs/datasets/animals/image/test/butterfly/01275-436654588.png,butterfly,butterfly
inputs/datasets/animals/image/test/butterfly/01277-436654590.png,butterfly,butterfly
inputs/datasets/animals/image/test/butterfly/01283-436654596.png,butterfly,butterfly
inputs/datasets/animals/image/test/butterfly/01285-436654598.png,butterfly,butterfly
inputs/datasets/animals/image/test/butterfly/01287-436654600.png,butterfly,butterfly
inputs/datasets/animals/image/test/butterfly/01288-436654601.png,butterfly,butterfly
inputs/datasets/animals/image/test/butterfly/01290-436654603.png,butterfly,butterfly
inputs/datasets/animals/image/test/butterfly/01293-436654606.png,butterfly,butterfly
inputs/datasets/animals/image/test/camel/01297-1259410212.png,camel,camel
inputs/datasets/animals/image/test/camel/01300-1259410215.png,camel,camel
inputs/datasets/animals/image/test/camel/01311-1259410226.png,camel,camel
inputs/datasets/animals/image/test/camel/01322-1259410237.png,camel,camel
inputs/datasets/animals/image/test/camel/01323-1259410238.png,camel,camel
inputs/datasets/animals/image/test/camel/01332-1259410247.png,camel,camel
inputs/datasets/animals/image/test/camel/01339-1259410254.png,camel,camel
inputs/datasets/animals/image/test/camel/01344-1259410259.png,camel,camel
inputs/datasets/animals/image/test/camel/01345-1259410260.png,camel,camel
inputs/datasets/animals/image/test/camel/01350-1259410265.png,camel,camel
inputs/datasets/animals/image/test/camel/01353-1259410268.png,camel,camel
inputs/datasets/animals/image/test/camel/01355-1259410270.png,camel,camel
inputs/datasets/animals/image/test/camel/01359-1259410274.png,camel,camel
inputs/datasets/animals/image/test/camel/01371-1259410286.png,camel,camel
inputs/datasets/animals/image/test/camel/01381-1259410296.png,camel,camel
inputs/datasets/animals/image/test/camel/01382-1259410297.png,camel,camel
inputs/datasets/animals/image/test/camel/01392-1259410307.png,camel,camel
inputs/datasets/animals/image/test/camel/01397-1259410312.png,camel,camel
inputs/datasets/animals/image/test/camel/01403-1259410318.png,camel,camel
inputs/datasets/animals/image/test/camel/01404-1259410319.png,camel,camel
inputs/datasets/animals/image/test/camel/01406-1259410321.png,camel,camel
inputs/datasets/animals/image/test/camel/01410-1259410325.png,camel,camel
inputs/datasets/animals/image/test/camel/01418-1259410333.png,camel,camel
inputs/datasets/animals/image/test/camel/01419-1259410334.png,camel,camel
inputs/datasets/animals/image/test/camel/01420-1259410335.png,camel,camel
inputs/datasets/animals/image/test/camel/01423-1259410338.png,camel,camel
inputs/datasets/animals/image/test/camel/01431-1259410346.png,camel,camel
inputs/datasets/animals/image/test/camel/01435-1259410350.png,camel,camel
inputs/datasets/animals/image/test/camel/01436-1259410351.png,camel,camel
inputs/datasets/animals/image/test/camel/01438-1259410353.png,camel,camel
inputs/datasets/animals/image/test/camel/01440-1259410355.png,camel,camel
inputs/datasets/animals/image/test/camel/01446-1259410361.png,camel,camel
inputs/datasets/animals/image/test/camel/01448-1259410363.png,camel,camel
inputs/datasets/animals/image/test/camel/01450-1259410365.png,camel,camel
inputs/datasets/animals/image/test/camel/01456-1259410371.png,camel,camel
inputs/datasets/animals/image/test/camel/01458-1259410373.png,camel,camel
inputs/datasets/animals/image/test/camel/01460-1259410375.png,camel,camel
inputs/datasets/animals/image/test/camel/01464-1259410379.png,camel,camel
inputs/datasets/animals/image/test/camel/01476-1259410391.png,camel,camel
inputs/datasets/animals/image/test/camel/01481-1259410396.png,camel,camel
inputs/datasets/animals/image/test/camel/01497-1259410412.png,camel,camel
inputs/datasets/animals/image/test/camel/01502-1259410417.png,camel,camel
inputs/datasets/animals/image/test/camel/01509-1259410424.png,camel,camel
inputs/datasets/animals/image/test/camel/01511-1259410426.png,camel,camel
inputs/datasets/animals/image/test/cat/00002-3984659588.png,cat,cat
inputs/datasets/animals/image/test/cat/00003-3984659589.png,cat,cat
inputs/datasets/animals/image/test/cat/00004-3984659590.png,cat,cat
inputs/datasets/animals/image/test/cat/00009-2655692284.png,cat,cat
inputs/datasets/animals/image/test/cat/00010-2655692285.png,cat,cat
inputs/datasets/animals/image/test/cat/00014-2655692289.png,cat,cat
inputs/datasets/animals/image/test/cat/00019-2655692294.png,cat,cat
inputs/datasets/animals/image/test/cat/00020-3984659606.png,cat,cat
inputs/datasets/animals/image/test/cat/00023-2655692298.png,cat,cat
inputs/datasets/animals/image/test/cat/00025-2655692300.png,cat,cat
inputs/datasets/animals/image/test/cat/00028-3984659614.png,cat,cat
inputs/datasets/animals/image/test/cat/00029-2655692304.png,cat,cat
inputs/datasets/animals/image/test/cat/00031-3984659617.png,cat,cat
inputs/datasets/animals/image/test/cat/00034-3984659620.png,cat,cat
inputs/datasets/animals/image/test/cat/00037-2655692312.png,cat,cat
inputs/datasets/animals/image/test/cat/00040-3984659626.png,cat,cat
inputs/datasets/animals/image/test/cat/00044-2655692319.png,cat,cat
inputs/datasets/animals/image/test/cat/00050-3984659636.png,cat,cat
inputs/datasets/animals/image/test/cat/00055-2655692330.png,cat,cat
inputs/datasets/animals/image/test/cat/00056-2655692331.png,cat,cat
inputs/datasets/animals/image/test/cat/00056-3984659642.png,cat,cat
inputs/datasets/animals/image/test/cat/00057-3984659643.png,cat,cat
inputs/datasets/animals/image/test/cat/00059-2655692334.png,cat,cat
inputs/datasets/animals/image/test/cat/00059-3984659645.png,cat,cat
inputs/datasets/animals/image/test/cat/00060-2655692335.png,cat,cat
inputs/datasets/animals/image/test/cat/00061-2655692336.png,cat,cat
inputs/datasets/animals/image/test/cat/00062-3984659648.png,cat,cat
inputs/datasets/animals/image/test/cat/00065-3984659651.png,cat,cat
inputs/datasets/animals/image/test/cat/00069-3984659655.png,cat,cat
inputs/datasets/animals/image/test/cat/00070-3984659656.png,cat,cat
inputs/datasets/animals/image/test/cat/00071-3984659657.png,cat,cat
inputs/datasets/animals/image/test/cat/00074-3984659660.png,cat,cat
inputs/datasets/animals/image/test/cat/00077-2655692352.png,cat,cat
inputs/datasets/animals/image/test/cat/00079-3984659665.png,cat,cat
inputs/datasets/animals/image/test/cat/00080-2655692355.png,cat,cat
inputs/datasets/animals/image/test/cat/00084-3984659670.png,cat,cat
inputs/datasets/animals/image/test/cat/00087-2655692362.png,cat,cat
inputs/datasets/animals/image/test/cat/00091-2655692366.png,cat,cat
inputs/datasets/animals/image/test/cat/00095-3984659681.png,cat,cat
inputs/datasets/animals/image/test/cat/00097-2655692372.png,cat,cat
inputs/datasets/animals/image/test/cat/00098-3984659684.png,cat,cat
inputs/datasets/animals/image/test/cat/00103-3984659689.png,cat,cat
inputs/datasets/animals/image/test/cat/00106-2655692381.png,cat,cat
inputs/datasets/animals/image/test/cat/00107-2655692382.png,cat,cat
inputs/datasets/animals/image/test/cat/00119-3984659705.png,cat,cat
inputs/datasets/animals/image/test/cat/00121-3984659707.png,cat,cat
inputs/datasets/animals/image/test/cat/00122-3984659708.png,cat,cat
inputs/datasets/animals/image/test/cat/00123-2655692398.png,cat,cat
inputs/datasets/animals/image/test/cat/00125-2655692400.png,cat,cat
inputs/datasets/animals/image/test/cat/00125-3984659711.png,cat,cat
inputs/datasets/animals/image/test/cat/00127-3984659713.png,cat,cat
inputs/datasets/animals/image/test/cat/00129-2655692404.png,cat,cat
inputs/datasets/animals/image/test/cat/00131-3984659717.png,cat,cat
inputs/datasets/animals/image/test/cat/00132-2655692407.png,cat,cat
inputs/datasets/animals/image/test/cat/00133-2655692408.png,cat,cat
inputs/datasets/animals/image/test/cat/00133-3984659719.png,cat,cat
inputs/datasets/animals/image/test/cat/00146-2655692421.png,cat,cat
inputs/datasets/animals/image/test/cat/00148-2655692423.png,cat,cat
inputs/datasets/animals/image/test/cat/00149-2655692424.png,cat,cat
inputs/datasets/animals/image/test/cat/00151-2655692426.png,cat,cat
inputs/datasets/animals/image/test/cat/00152-2655692427.png,cat,cat
inputs/datasets/animals/image/test/cat/00154-2655692429.png,cat,cat
inputs/datasets/animals/image/test/cat/00155-3984659741.png,cat,cat
inputs/datasets/animals/image/test/cat/00160-2655692435.png,cat,cat
inputs/datasets/animals/image/test/cat/00169-2655692444.png,cat,cat
inputs/datasets/animals/image/test/cat/00170-3984659756.png,cat,cat
inputs/datasets/animals/image/test/cat/00172-3984659758.png,cat,cat
inputs/datasets/animals/image/test/cat/00173-2655692448.png,cat,cat
inputs/datasets/animals/image/test/cat/00173-3984659759.png,cat,cat
inputs/datasets/animals/image/test/cat/00178-2655692453.png,cat,cat
inputs/datasets/animals/image/test/cat/00179-2655692454.png,cat,cat
inputs/datasets/animals/image/test/cat/00182-3984659768.png,cat,cat
inputs/datasets/animals/image/test/cat/00183-3984659769.png,cat,cat
inputs/datasets/animals/image/test/cat/00184-3984659770.png,cat,cat
inputs/datasets/animals/image/test/cat/00185-2655692460.png,cat,cat
inputs/datasets/animals/image/test/cat/00187-3984659773.png,cat,cat
inputs/datasets/animals/image/test/cat/00188-3984659774.png,cat,cat
inputs/datasets/animals/image/test/cat/00189-2655692464.png,cat,cat
inputs/datasets/animals/image/test/cat/00190-3984659776.png,cat,cat
inputs/datasets/animals/image/test/cat/00195-2655692470.png,cat,cat
inputs/datasets/animals/image/test/cat/00209-2655692484.png,cat,cat
inputs/datasets/animals/image/test/cat/00213-2655692488.png,cat,cat
inputs/datasets/animals/image/test/cat/00214-2655692489.png,cat,cat
inputs/datasets/animals/image/test/cat/00215-2655692490.png,cat,cat
inputs/datasets/animals/image/test/cat/00219-2655692494.png,cat,cat
inputs/datasets/animals/image/test/cat/00222-2655692497.png,cat,cat
inputs/datasets/animals/image/test/cat/00226-2655692501.png,cat,cat
inputs/datasets/animals/image/test/cheetah/01514-4149142375.png,cheetah,cheetah
inputs/datasets/animals/image/test/cheetah/01519-4149142380.png,cheetah,cheetah
inputs/datasets/animals/image/test/cheetah/01521-4149142382.png,cheetah,cheetah
inputs/datasets/animals/image/test/cheetah/01523-4149142384.png,cheetah,cheetah
inputs/datasets/animals/image/test/cheetah/01524-4149142385.png,cheetah,cheetah
inputs/datasets/animals/image/test/cheetah/01531-4149142392.png,cheetah,cheetah
inputs/datasets/animals/image/test/cheetah/01539-4149142400.png,cheetah,cheetah
inputs/datasets/animals/image/test/cheetah/01547-4149142408.png,cheetah,cheetah
inputs/datasets/animals/image/test/cheetah/01549-4149142410.png,cheetah,cheetah
inputs/datasets/animals/image/test/cheetah/01552-4149142413.png,cheetah,cheetah
inputs/datasets/animals/image/test/cheetah/01553-4149142414.png,cheetah,cheetah
inputs/datasets/animals/image/test/cheetah/01561-4149142422.png,cheetah,cheetah
inputs/datasets/animals/image/test/cheetah/01571-4149142432.png,cheetah,cheetah
inputs/datasets/animals/image/test/cheetah/01572-4149142433.png,cheetah,cheetah
inputs/datasets/animals/image/test/cheetah/01575-4149142436.png,cheetah,cheetah
inputs/datasets/animals/image/test/cheetah/01587-4149142448.png,cheetah,cheetah
inputs/datasets/animals/image/test/cheetah/01593-4149142454.png,cheetah,cheetah
inputs/datasets/animals/image/test/cheetah/01600-4149142461.png,cheetah,cheetah
inputs/datasets/animals/image/test/cheetah/01601-4149142462.png,cheetah,cheetah
inputs/datasets/animals/image/test/cheetah/01604-4149142465.png,cheetah,cheetah
inputs/datasets/animals/image/test/cheetah/01618-4149142479.png,cheetah,cheetah
inputs/datasets/animals/image/test/cheetah/01623-4149142484.png,cheetah,cheetah
inputs/datasets/animals/image/test/cheetah/01624-4149142485.png,cheetah,cheetah
inputs/datasets/animals/image/test/cheetah/01631-4149142492.png,cheetah,cheetah
inputs/datasets/animals/image/test/cheetah/01636-4149142497.png,cheetah,cheetah
inputs/datasets/animals/image/test/cheetah/01640-4149142501.png,cheetah,cheetah
inputs/datasets/animals/image/test/cheetah/01642-4149142503.png,cheetah,cheetah
inputs/datasets/animals/image/test/cheetah/01645-4149142506.png,cheetah,cheetah
inputs/datasets/animals/image/test/cheetah/01649-4149142510.png,cheetah,cheetah
inputs/datasets/animals/image/test/cheetah/01657-4149142518.png,cheetah,cheetah
inputs/datasets/animals/image/test/cheetah/01658-4149142519.png,cheetah,cheetah
inputs/datasets/animals/image/test/cheetah/01659-4149142520.png,cheetah,cheetah
inputs/datasets/animals/image/test/cheetah/01669-4149142530.png,cheetah,cheetah
inputs/datasets/animals/image/test/cheetah/01671-4149142532.png,cheetah,cheetah
inputs/datasets/animals/image/test/cheetah/01672-4149142533.png,cheetah,cheetah
inputs/datasets/animals/image/test/cheetah/01673-4149142534.png,cheetah,cheetah
inputs/datasets/animals/image/test/cheetah/01674-4149142535.png,cheetah,cheetah
inputs/datasets/animals/image/test/cheetah/01689-4149142550.png,cheetah,cheetah
inputs/datasets/animals/image/test/cheetah/01691-4149142552.png,cheetah,cheetah
inputs/datasets/animals/image/test/cheetah/01692-4149142553.png,cheetah,cheetah
inputs/datasets/animals/image/test/cheetah/01698-4149142559.png,cheetah,cheetah
inputs/datasets/animals/image/test/cheetah/01702-4149142563.png,cheetah,cheetah
inputs/datasets/animals/image/test/cheetah/01707-4149142568.png,cheetah,cheetah
inputs/datasets/animals/image/test/cheetah/01724-4149142585.png,cheetah,cheetah
inputs/datasets/animals/image/test/chimpanzee/01944-1624545828.png,chimpanzee,chimpanzee
inputs/datasets/animals/image/test/chimpanzee/01948-1624545832.png,chimpanzee,chimpanzee
inputs/datasets/animals/image/test/chimpanzee/01949-1624545833.png,chimpanzee,chimpanzee
inputs/datasets/animals/image/test/chimpanzee/01952-1624545836.png,chimpanzee,chimpanzee
inputs/datasets/animals/image/test/chimpanzee/01955-1624545839.png,chimpanzee,chimpanzee
inputs/datasets/animals/image/test/chimpanzee/01956-1624545840.png,chimpanzee,chimpanzee
inputs/datasets/animals/image/test/chimpanzee/01964-1624545848.png,chimpanzee,chimpanzee
inputs/datasets/animals/image/test/chimpanzee/01968-1624545852.png,chimpanzee,chimpanzee
inputs/datasets/animals/image/test/chimpanzee/01971-1624545855.png,chimpanzee,chimpanzee
inputs/datasets/animals/image/test/chimpanzee/01973-1624545857.png,chimpanzee,chimpanzee
inputs/datasets/animals/image/test/chimpanzee/01981-1624545865.png,chimpanzee,chimpanzee
inputs/datasets/animals/image/test/chimpanzee/01983-1624545867.png,chimpanzee,chimpanzee
inputs/datasets/animals/image/test/chimpanzee/01985-1624545869.png,chimpanzee,chimpanzee
inputs/datasets/animals/image/test/chimpanzee/01988-1624545872.png,chimpanzee,chimpanzee
inputs/datasets/animals/image/test/chimpanzee/01999-1624545883.png,chimpanzee,chimpanzee
inputs/datasets/animals/image/test/chimpanzee/02000-1624545884.png,chimpanzee,chimpanzee
inputs/datasets/animals/image/test/chimpanzee/02003-1624545887.png,chimpanzee,chimpanzee
inputs/datasets/animals/image/test/chimpanzee/02014-1624545898.png,chimpanzee,chimpanzee
inputs/datasets/animals/image/test/chimpanzee/02015-1624545899.png,chimpanzee,chimpanzee
inputs/datasets/animals/image/test/chimpanzee/02020-1624545904.png,chimpanzee,chimpanzee
inputs/datasets/animals/image/test/chimpanzee/02024-1624545908.png,chimpanzee,chimpanzee
inputs/datasets/animals/image/test/chimpanzee/02034-1624545918.png,chimpanzee,chimpanzee
inputs/datasets/animals/image/test/chimpanzee/02059-1624545943.png,chimpanzee,chimpanzee
inputs/datasets/animals/image/test/chimpanzee/02064-1624545948.png,chimpanzee,chimpanzee
inputs/datasets/animals/image/test/chimpanzee/02066-1624545950.png,chimpanzee,chimpanzee
inputs/datasets/animals/image/test/chimpanzee/02073-1624545957.png,chimpanzee,chimpanzee
inputs/datasets/animals/image/test/chimpanzee/02075-1624545959.png,chimpanzee,chimpanzee
inputs/datasets/animals/image/test/chimpanzee/02077-1624545961.png,chimpanzee,chimpanzee
inputs/datasets/animals/image/test/chimpanzee/02084-1624545968.png,chimpanzee,chimpanzee
inputs/datasets/animals/image/test/chimpanzee/02085-1624545969.png,chimpanzee,chimpanzee
inputs/datasets/animals/image/test/chimpanzee/02086-1624545970.png,chimpanzee,chimpanzee
inputs/datasets/animals/image/test/chimpanzee/02100-1624545984.png,chimpanzee,chimpanzee
inputs/datasets/animals/image/test/chimpanzee/02104-1624545988.png,chimpanzee,chimpanzee
inputs/datasets/animals/image/test/chimpanzee/02112-1624545996.png,chimpanzee,chimpanzee
inputs/datasets/animals/image/test/chimpanzee/02115-1624545999.png,chimpanzee,chimpanzee
inputs/datasets/animals/image/test/chimpanzee/02117-1624546001.png,chimpanzee,chimpanzee
inputs/datasets/animals/image/test/chimpanzee/02119-1624546003.png,chimpanzee,chimpanzee
inputs/datasets/animals/image/test/chimpanzee/02120-1624546004.png,chimpanzee,chimpanzee
inputs/datasets/animals/image/test/chimpanzee/02130-1624546014.png,chimpanzee,chimpanzee
inputs/datasets/animals/image/test/chimpanzee/02136-1624546020.png,chimpanzee,chimpanzee
inputs/datasets/animals/image/test/chimpanzee/02142-1624546026.png,chimpanzee,chimpanzee
inputs/datasets/animals/image/test/chimpanzee/02144-1624546028.png,chimpanzee,chimpanzee
inputs/datasets/animals/image/test/chimpanzee/02147-1624546031.png,chimpanzee,chimpanzee
inputs/datasets/animals/image/test/chimpanzee/02159-1624546043.png,chimpanzee,chimpanzee
inputs/datasets/animals/image/test/chinchilla/09075-2150279506.png,chinchilla,chinchilla
inputs/datasets/animals/image/test/chinchilla/09095-2150279526.png,chinchilla,chinchilla
inputs/datasets/animals/image/test/chinchilla/09103-2150279534.png,chinchilla,chinchilla
inputs/datasets/animals/image/test/chinchilla/09106-2150279537.png,chinchilla,chinchilla
inputs/datasets/animals/image/test/chinchilla/09112-2150279543.png,chinchilla,chinchilla
inputs/datasets/animals/image/test/chinchilla/09120-2150279551.png,chinchilla,chinchilla
inputs/datasets/animals/image/test/chinchilla/09126-2150279557.png,chinchilla,chinchilla
inputs/datasets/animals/image/test/chinchilla/09141-2150279572.png,chinchilla,chinchilla
inputs/datasets/animals/image/test/chinchilla/09144-2150279575.png,chinchilla,chinchilla
inputs/datasets/animals/image/test/chinchilla/09146-2150279577.png,chinchilla,chinchilla
inputs/datasets/animals/image/test/chinchilla/09147-2150279578.png,chinchilla,chinchilla
inputs/datasets/animals/image/test/chinchilla/09151-2150279582.png,chinchilla,chinchilla
inputs/datasets/animals/image/test/chinchilla/09157-2150279588.png,chinchilla,chinchilla
inputs/datasets/animals/image/test/chinchilla/09159-2150279590.png,chinchilla,chinchilla
inputs/datasets/animals/image/test/chinchilla/09169-2150279600.png,chinchilla,chinchilla
inputs/datasets/animals/image/test/chinchilla/09173-2150279604.png,chinchilla,chinchilla
inputs/datasets/animals/image/test/chinchilla/09175-2150279606.png,chinchilla,chinchilla
inputs/datasets/animals/image/test/chinchilla/09177-2150279608.png,chinchilla,chinchilla
inputs/datasets/animals/image/test/chinchilla/09178-2150279609.png,chinchilla,chinchilla
inputs/datasets/animals/image/test/chinchilla/09179-2150279610.png,chinchilla,chinchilla
inputs/datasets/animals/image/test/chinchilla/09180-2150279611.png,chinchilla,chinchilla
inputs/datasets/animals/image/test/chinchilla/09189-2150279620.png,chinchilla,chinchilla
inputs/datasets/animals/image/test/chinchilla/09203-2150279634.png,chinchilla,chinchilla
inputs/datasets/animals/image/test/chinchilla/09205-2150279636.png,chinchilla,chinchilla
inputs/datasets/animals/image/test/chinchilla/09208-2150279639.png,chinchilla,chinchilla
inputs/datasets/animals/image/test/chinchilla/09210-2150279641.png,chinchilla,chinchilla
inputs/datasets/animals/image/test/chinchilla/09216-2150279647.png,chinchilla,chinchilla
inputs/datasets/animals/image/test/chinchilla/09217-2150279648.png,chinchilla,chinchilla
inputs/datasets/animals/image/test/chinchilla/09218-2150279649.png,chinchilla,chinchilla
inputs/datasets/animals/image/test/chinchilla/09226-2150279657.png,chinchilla,chinchilla
inputs/datasets/animals/image/test/chinchilla/09228-2150279659.png,chinchilla,chinchilla
inputs/datasets/animals/image/test/chinchilla/09232-2150279663.png,chinchilla,chinchilla
inputs/datasets/animals/image/test/chinchilla/09235-2150279666.png,chinchilla,chinchilla
inputs/datasets/animals/image/test/chinchilla/09237-2150279668.png,chinchilla,chinchilla
inputs/datasets/animals/image/test/chinchilla/09240-2150279671.png,chinchilla,chinchilla
inputs/datasets/animals/image/test/chinchilla/09248-2150279679.png,chinchilla,chinchilla
inputs/datasets/animals/image/test/chinchilla/09251-2150279682.png,chinchilla,chinchilla
inputs/datasets/animals/image/test/chinchilla/09252-2150279683.png,chinchilla,chinchilla
inputs/datasets/animals/image/test/chinchilla/09261-2150279692.png,chinchilla,chinchilla
inputs/datasets/animals/image/test/chinchilla/09262-2150279693.png,chinchilla,chinchilla
inputs/datasets/animals/image/test/chinchilla/09270-2150279701.png,chinchilla,chinchilla
inputs/datasets/animals/image/test/chinchilla/09271-2150279702.png,chinchilla,chinchilla
inputs/datasets/animals/image/test/chinchilla/09278-2150279709.png,chinchilla,chinchilla
inputs/datasets/animals/image/test/chinchilla/09285-2150279716.png,chinchilla,chinchilla
inputs/datasets/animals/image/test/cow/02169-1376247654.png,cow,cow
inputs/datasets/animals/image/test/cow/02171-1376247656.png,cow,cow
inputs/datasets/animals/image/test/cow/02175-1376247660.png,cow,cow
inputs/datasets/animals/image/test/cow/02176-1376247661.png,cow,cow
inputs/datasets/animals/image/test/cow/02180-1376247665.png,cow,cow
inputs/datasets/animals/image/test/cow/02186-1376247671.png,cow,cow
inputs/datasets/animals/image/test/cow/02198-1376247683.png,cow,cow
inputs/datasets/animals/image/test/cow/02200-1376247685.png,cow,cow
inputs/datasets/animals/image/test/cow/02207-1376247692.png,cow,cow
inputs/datasets/animals/image/test/cow/02217-1376247702.png,cow,cow
inputs/datasets/animals/image/test/cow/02220-1376247705.png,cow,cow
inputs/datasets/animals/image/test/cow/02241-1376247726.png,cow,cow
inputs/datasets/animals/image/test/cow/02242-1376247727.png,cow,cow
inputs/datasets/animals/image/test/cow/02245-1376247730.png,cow,cow
inputs/datasets/animals/image/test/cow/02253-1376247738.png,cow,cow
inputs/datasets/animals/image/test/cow/02263-1376247748.png,cow,cow
inputs/datasets/animals/image/test/cow/02274-1376247759.png,cow,cow
inputs/datasets/animals/image/test/cow/02277-1376247762.png,cow,cow
inputs/datasets/animals/image/test/cow/02278-1376247763.png,cow,cow
inputs/datasets/animals/image/test/cow/02281-1376247766.png,cow,cow
inputs/datasets/animals/image/test/cow/02283-1376247768.png,cow,cow
inputs/datasets/animals/image/test/cow/02285-1376247770.png,cow,cow
inputs/datasets/animals/image/test/cow/02292-1376247777.png,cow,cow
inputs/datasets/animals/image/test/cow/02294-1376247779.png,cow,cow
inputs/datasets/animals/image/test/cow/02301-1376247786.png,cow,cow
inputs/datasets/animals/image/test/cow/02307-1376247792.png,cow,cow
inputs/datasets/animals/image/test/cow/02313-1376247798.png,cow,cow
inputs/datasets/animals/image/test/cow/02320-1376247805.png,cow,cow
inputs/datasets/animals/image/test/cow/02323-1376247808.png,cow,cow
inputs/datasets/animals/image/test/cow/02325-1376247810.png,cow,cow
inputs/datasets/animals/image/test/cow/02327-1376247812.png,cow,cow
inputs/datasets/animals/image/test/cow/02330-1376247815.png,cow,cow
inputs/datasets/animals/image/test/cow/02339-1376247824.png,cow,cow
inputs/datasets/animals/image/test/cow/02341-1376247826.png,cow,cow
inputs/datasets/animals/image/test/cow/02342-1376247827.png,cow,cow
inputs/datasets/animals/image/test/cow/02344-1376247829.png,cow,cow
inputs/datasets/animals/image/test/cow/02345-1376247830.png,cow,cow
inputs/datasets/animals/image/test/cow/02349-1376247834.png,cow,cow
inputs/datasets/animals/image/test/cow/02350-1376247835.png,cow,cow
inputs/datasets/animals/image/test/cow/02351-1376247836.png,cow,cow
inputs/datasets/animals/image/test/cow/02357-1376247842.png,cow,cow
inputs/datasets/animals/image/test/cow/02358-1376247843.png,cow,cow
inputs/datasets/animals/image/test/cow/02363-1376247848.png,cow,cow
inputs/datasets/animals/image/test/cow/02369-1376247854.png,cow,cow
inputs/datasets/animals/image/test/crab/09513-19285344.png,crab,crab
inputs/datasets/animals/image/test/crab/09519-19285350.png,crab,crab
inputs/datasets/animals/image/test/crab/09520-19285351.png,crab,crab
inputs/datasets/animals/image/test/crab/09522-19285353.png,crab,crab
inputs/datasets/animals/image/test/crab/09523-19285354.png,crab,crab
inputs/datasets/animals/image/test/crab/09548-19285379.png,crab,crab
inputs/datasets/animals/image/test/crab/09555-19285386.png,crab,crab
inputs/datasets/animals/image/test/crab/09563-19285394.png,crab,crab
inputs/datasets/animals/image/test/crab/09570-19285401.png,crab,crab
inputs/datasets/animals/image/test/crab/09573-19285404.png,crab,crab
inputs/datasets/animals/image/test/crab/09575-19285406.png,crab,crab
inputs/datasets/animals/image/test/crab/09577-19285408.png,crab,crab
inputs/datasets/animals/image/test/crab/09578-19285409.png,crab,crab
inputs/datasets/animals/image/test/crab/09581-19285412.png,crab,crab
inputs/datasets/animals/image/test/crab/09584-19285415.png,crab,crab
inputs/datasets/animals/image/test/crab/09585-19285416.png,crab,crab
inputs/datasets/animals/image/test/crab/09592-19285423.png,crab,crab
inputs/datasets/animals/image/test/crab/09593-19285424.png,crab,crab
inputs/datasets/animals/image/test/crab/09616-19285447.png,crab,crab
inputs/datasets/animals/image/test/crab/09618-19285449.png,crab,crab
inputs/datasets/animals/image/test/crab/09627-19285458.png,crab,crab
inputs/datasets/animals/image/test/crab/09628-19285459.png,crab,crab
inputs/datasets/animals/image/test/crab/09632-19285463.png,crab,crab
inputs/datasets/animals/image/test/crab/09633-19285464.png,crab,crab
inputs/datasets/animals/image/test/crab/09635-19285466.png,crab,crab
inputs/datasets/animals/image/test/crab/09638-19285469.png,crab,crab
inputs/datasets/animals/image/test/crab/09642-19285473.png,crab,crab
inputs/datasets/animals/image/test/crab/09652-19285483.png,crab,crab
inputs/datasets/animals/image/test/crab/09657-19285488.png,crab,crab
inputs/datasets/animals/image/test/crab/09665-19285496.png,crab,crab
inputs/datasets/animals/image/test/crab/09667-19285498.png,crab,crab
inputs/datasets/animals/image/test/crab/09669-19285500.png,crab,crab
inputs/datasets/animals/image/test/crab/09670-19285501.png,crab,crab
inputs/datasets/animals/image/test/crab/09671-19285502.png,crab,crab
inputs/datasets/animals/image/test/crab/09675-19285506.png,crab,crab
inputs/datasets/animals/image/test/crab/09680-19285511.png,crab,crab
inputs/datasets/animals/image/test/crab/09684-19285515.png,crab,crab
inputs/datasets/animals/image/test/crab/09685-19285516.png,crab,crab
inputs/datasets/animals/image/test/crab/09689-19285520.png,crab,crab
inputs/datasets/animals/image/test/crab/09692-19285523.png,crab,crab
inputs/datasets/animals/image/test/crab/09694-19285525.png,crab,crab
inputs/datasets/animals/image/test/crab/09698-19285529.png,crab,crab
inputs/datasets/animals/image/test/crab/09705-19285536.png,crab,crab
inputs/datasets/animals/image/test/crab/09717-19285548.png,crab,crab
inputs/datasets/animals/image/test/crocodile/02376-1534006491.png,crocodile,crocodile
inputs/datasets/animals/image/test/crocodile/02377-1534006492.png,crocodile,crocodile
inputs/datasets/animals/image/test/crocodile/02383-1534006498.png,crocodile,crocodile
inputs/datasets/animals/image/test/crocodile/02385-1534006500.png,crocodile,crocodile
inputs/datasets/animals/image/test/crocodile/02386-1534006501.png,crocodile,crocodile
inputs/datasets/animals/image/test/crocodile/02388-1534006503.png,crocodile,crocodile
inputs/datasets/animals/image/test/crocodile/02390-1534006505.png,crocodile,crocodile
inputs/datasets/animals/image/test/crocodile/02392-1534006507.png,crocodile,crocodile
inputs/datasets/animals/image/test/crocodile/02397-1534006512.png,crocodile,crocodile
inputs/datasets/animals/image/test/crocodile/02405-1534006520.png,crocodile,crocodile
inputs/datasets/animals/image/test/crocodile/02408-1534006523.png,crocodile,crocodile
inputs/datasets/animals/image/test/crocodile/02415-1534006530.png,crocodile,crocodile
inputs/datasets/animals/image/test/crocodile/02420-1534006535.png,crocodile,crocodile
inputs/datasets/animals/image/test/crocodile/02426-1534006541.png,crocodile,crocodile
inputs/datasets/animals/image/test/crocodile/02448-1534006563.png,crocodile,crocodile
inputs/datasets/animals/image/test/crocodile/02451-1534006566.png,crocodile,iguana
inputs/datasets/animals/image/test/crocodile/02455-1534006570.png,crocodile,crocodile
inputs/datasets/animals/image/test/crocodile/02461-1534006576.png,crocodile,iguana
inputs/datasets/animals/image/test/crocodile/02462-1534006577.png,crocodile,crocodile
inputs/datasets/animals/image/test/crocodile/02468-1534006583.png,crocodile,crocodile
inputs/datasets/animals/image/test/crocodile/02469-1534006584.png,crocodile,crocodile
inputs/datasets/animals/image/test/crocodile/02473-1534006588.png,crocodile,crocodile
inputs/datasets/animals/image/test/crocodile/02479-1534006594.png,crocodile,crocodile
inputs/datasets/animals/image/test/crocodile/02480-1534006595.png,crocodile,crocodile
inputs/datasets/animals/image/test/crocodile/02484-1534006599.png,crocodile,crocodile
inputs/datasets/animals/image/test/crocodile/02487-1534006602.png,crocodile,crocodile
inputs/datasets/animals/image/test/crocodile/02498-1534006613.png,crocodile,crocodile
inputs/datasets/animals/image/test/crocodile/02503-1534006618.png,crocodile,crocodile
inputs/datasets/animals/image/test/crocodile/02510-1534006625.png,crocodile,crocodile
inputs/datasets/animals/image/test/crocodile/02511-1534006626.png,crocodile,crocodile
inputs/datasets/animals/image/test/crocodile/02512-1534006627.png,crocodile,crocodile
inputs/datasets/animals/image/test/crocodile/02521-1534006636.png,crocodile,crocodile
inputs/datasets/animals/image/test/crocodile/02524-1534006639.png,crocodile,crocodile
inputs/datasets/animals/image/test/crocodile/02529-1534006644.png,crocodile,crocodile
inputs/datasets/animals/image/test/crocodile/02532-1534006647.png,crocodile,crocodile
inputs/datasets/animals/image/test/crocodile/02541-1534006656.png,crocodile,crocodile
inputs/datasets/animals/image/test/crocodile/02542-1534006657.png,crocodile,crocodile
inputs/datasets/animals/image/test/crocodile/02544-1534006659.png,crocodile,crocodile
inputs/datasets/animals/image/test/crocodile/02545-1534006660.png,crocodile,crocodile
inputs/datasets/animals/image/test/crocodile/02552-1534006667.png,crocodile,crocodile
inputs/datasets/animals/image/test/crocodile/02555-1534006670.png,crocodile,crocodile
inputs/datasets/animals/image/test/crocodile/02556-1534006671.png,crocodile,crocodile
inputs/datasets/animals/image/test/crocodile/02583-1534006698.png,crocodile,crocodile
inputs/datasets/animals/image/test/crocodile/02587-1534006702.png,crocodile,crocodile
inputs/datasets/animals/image/test/deer/02595-2964305918.png,deer,deer
inputs/datasets/animals/image/test/deer/02603-2964305926.png,deer,deer
inputs/datasets/animals/image/test/deer/02610-2964305933.png,deer,deer
inputs/datasets/animals/image/test/deer/02614-2964305937.png,deer,deer
inputs/datasets/animals/image/test/deer/02618-2964305941.png,deer,deer
inputs/datasets/animals/image/test/deer/02621-2964305944.png,deer,deer
inputs/datasets/animals/image/test/deer/02624-2964305947.png,deer,deer
inputs/datasets/animals/image/test/deer/02630-2964305953.png,deer,deer
inputs/datasets/animals/image/test/deer/02631-2964305954.png,deer,deer
inputs/datasets/animals/image/test/deer/02636-2964305959.png,deer,deer
inputs/datasets/animals/image/test/deer/02640-2964305963.png,deer,deer
inputs/datasets/animals/image/test/deer/02642-2964305965.png,deer,deer
inputs/datasets/animals/image/test/deer/02645-2964305968.png,deer,deer
inputs/datasets/animals/image/test/deer/02650-2964305973.png,deer,deer
inputs/datasets/animals/image/test/deer/02653-2964305976.png,deer,deer
inputs/datasets/animals/image/test/deer/02656-2964305979.png,deer,deer
inputs/datasets/animals/image/test/deer/02663-2964305986.png,deer,deer
inputs/datasets/animals/image/test/deer/02666-2964305989.png,deer,deer
inputs/datasets/animals/image/test/deer/02677-2964306000.png,deer,deer
inputs/datasets/animals/image/test/deer/02678-2964306001.png,deer,deer
inputs/datasets/animals/image/test/deer/02681-2964306004.png,deer,deer
inputs/datasets/animals/image/test/deer/02704-2964306027.png,deer,deer
inputs/datasets/animals/image/test/deer/02715-2964306038.png,deer,giraffe
inputs/datasets/animals/image/test/deer/02718-2964306041.png,deer,deer
inputs/datasets/animals/image/test/deer/02720-2964306043.png,deer,deer
inputs/datasets/animals/image/test/deer/02728-2964306051.png,deer,deer
inputs/datasets/animals/image/test/deer/02737-2964306060.png,deer,deer
inputs/datasets/animals/image/test/deer/02746-2964306069.png,deer,deer
inputs/datasets/animals/image/test/deer/02747-2964306070.png,deer,deer
inputs/datasets/animals/image/test/deer/02757-2964306080.png,deer,deer
inputs/datasets/animals/image/test/deer/02758-2964306081.png,deer,deer
inputs/datasets/animals/image/test/deer/02761-2964306084.png,deer,deer
inputs/datasets/animals/image/test/deer/02767-2964306090.png,deer,deer
inputs/datasets/animals/image/test/deer/02772-2964306095.png,deer,deer
inputs/datasets/animals/image/test/deer/02779-2964306102.png,deer,deer
inputs/datasets/animals/image/test/deer/02780-2964306103.png,deer,deer
inputs/datasets/animals/image/test/deer/02781-2964306104.png,deer,deer
inputs/datasets/animals/image/test/deer/02782-2964306105.png,deer,deer
inputs/datasets/animals/image/test/deer/02783-2964306106.png,deer,deer
inputs/datasets/animals/image/test/deer/02784-2964306107.png,deer,deer
inputs/datasets/animals/image/test/deer/02789-2964306112.png,deer,deer
inputs/datasets/animals/image/test/deer/02799-2964306122.png,deer,deer
inputs/datasets/animals/image/test/deer/02802-2964306125.png,deer,deer
inputs/datasets/animals/image/test/deer/02806-2964306129.png,deer,deer
inputs/datasets/animals/image/test/dog/00001-1280210896.png,dog,dog
inputs/datasets/animals/image/test/dog/00001-3976466470.png,dog,dog
inputs/datasets/animals/image/test/dog/00002-829903098.png,dog,dog
inputs/datasets/animals/image/test/dog/00004-1280210899.png,dog,dog
inputs/datasets/animals/image/test/dog/00004-829903100.png,dog,dog
inputs/datasets/animals/image/test/dog/00008-3976466477.png,dog,dog
inputs/datasets/animals/image/test/dog/00009-1280210904.png,dog,dog
inputs/datasets/animals/image/test/dog/00009-829903105.png,dog,dog
inputs/datasets/animals/image/test/dog/00010-1280210905.png,dog,dog
inputs/datasets/animals/image/test/dog/00011-3976466480.png,dog,dog
inputs/datasets/animals/image/test/dog/00012-1280210907.png,dog,dog
inputs/datasets/animals/image/test/dog/00013-829903109.png,dog,dog
inputs/datasets/animals/image/test/dog/00014-829903110.png,dog,dog
inputs/datasets/animals/image/test/dog/00015-1280210910.png,dog,dog
inputs/datasets/animals/image/test/dog/00021-829903117.png,dog,dog
inputs/datasets/animals/image/test/dog/00022-829903118.png,dog,dog
inputs/datasets/animals/image/test/dog/00024-1280210919.png,dog,dog
inputs/datasets/animals/image/test/dog/00025-829903121.png,dog,dog
inputs/datasets/animals/image/test/dog/00026-3976466495.png,dog,dog
inputs/datasets/animals/image/test/dog/00026-829903122.png,dog,dog
inputs/datasets/animals/image/test/dog/00027-3976466496.png,dog,dog
inputs/datasets/animals/image/test/dog/00029-3976466498.png,dog,dog
inputs/datasets/animals/image/test/dog/00034-1280210929.png,dog,dog
inputs/datasets/animals/image/test/dog/00034-829903130.png,dog,dog
inputs/datasets/animals/image/test/dog/00035-3976466504.png,dog,dog
inputs/datasets/animals/image/test/dog/00037-829903133.png,dog,dog
inputs/datasets/animals/image/test/dog/00039-3976466508.png,dog,dog
inputs/datasets/animals/image/test/dog/00046-829903142.png,dog,dog
inputs/datasets/animals/image/test/dog/00047-829903143.png,dog,dog
inputs/datasets/animals/image/test/dog/00048-829903144.png,dog,dog
inputs/datasets/animals/image/test/dog/00049-1280210944.png,dog,dog
inputs/datasets/animals/image/test/dog/00051-1280210946.png,dog,dog
inputs/datasets/animals/image/test/dog/00051-829903147.png,dog,dog
inputs/datasets/animals/image/test/dog/00053-3976466522.png,dog,dog
inputs/datasets/animals/image/test/dog/00057-829903153.png,dog,dog
inputs/datasets/animals/image/test/dog/00058-3976466527.png,dog,dog
inputs/datasets/animals/image/test/dog/00061-829903157.png,dog,dog
inputs/datasets/animals/image/test/dog/00062-829903158.png,dog,dog
inputs/datasets/animals/image/test/dog/00064-1280210959.png,dog,dog
inputs/datasets/animals/image/test/dog/00064-3976466533.png,dog,dog
inputs/datasets/animals/image/test/dog/00065-3976466534.png,dog,dog
inputs/datasets/animals/image/test/dog/00066-1280210961.png,dog,dog
inputs/datasets/animals/image/test/dog/00069-829903165.png,dog,dog
inputs/datasets/animals/image/test/dog/00071-3976466540.png,dog,dog
inputs/datasets/animals/image/test/dog/00072-829903168.png,dog,dog
inputs/datasets/animals/image/test/dog/00073-3976466542.png,dog,dog
inputs/datasets/animals/image/test/dog/00073-829903169.png,dog,dog
inputs/datasets/animals/image/test/dog/00074-1280210969.png,dog,dog
inputs/datasets/animals/image/test/dog/00076-829903172.png,dog,dog
inputs/datasets/animals/image/test/dog/00077-3976466546.png,dog,dog
inputs/datasets/animals/image/test/dog/00080-3976466549.png,dog,dog
inputs/datasets/animals/image/test/dog/00080-829903176.png,dog,dog
inputs/datasets/animals/image/test/dog/00083-1280210978.png,dog,dog
inputs/datasets/animals/image/test/dog/00084-3976466553.png,dog,dog
inputs/datasets/animals/image/test/dog/00086-3976466555.png,dog,dog
inputs/datasets/animals/image/test/dog/00087-1280210982.png,dog,dog
inputs/datasets/animals/image/test/dog/00087-829903183.png,dog,dog
inputs/datasets/animals/image/test/dog/00089-3976466558.png,dog,dog
inputs/datasets/animals/image/test/dog/00090-829903186.png,dog,dog
inputs/datasets/animals/image/test/dog/00093-829903189.png,dog,dog
inputs/datasets/animals/image/test/dog/00095-1280210990.png,dog,dog
inputs/datasets/animals/image/test/dog/00096-3976466565.png,dog,dog
inputs/datasets/animals/image/test/dog/00097-829903193.png,dog,dog
inputs/datasets/animals/image/test/dog/00099-3976466568.png,dog,dog
inputs/datasets/animals/image/test/dog/00100-829903196.png,dog,dog
inputs/datasets/animals/image/test/dog/00104-829903200.png,dog,dog
inputs/datasets/animals/image/test/dog/00106-829903202.png,dog,dog
inputs/datasets/animals/image/test/dog/00110-829903206.png,dog,dog
inputs/datasets/animals/image/test/dog/00111-3976466580.png,dog,dog
inputs/datasets/animals/image/test/dog/00112-829903208.png,dog,dog
inputs/datasets/animals/image/test/dog/00119-3976466588.png,dog,dog
inputs/datasets/animals/image/test/dog/00121-3976466590.png,dog,dog
inputs/datasets/animals/image/test/dog/00121-829903217.png,dog,dog
inputs/datasets/animals/image/test/dog/00122-829903218.png,dog,dog
inputs/datasets/animals/image/test/dog/00123-829903219.png,dog,dog
inputs/datasets/animals/image/test/dog/00125-3976466594.png,dog,dog
inputs/datasets/animals/image/test/dog/00125-829903221.png,dog,dog
inputs/datasets/animals/image/test/dog/00126-3976466595.png,dog,dog
inputs/datasets/animals/image/test/dog/00133-3976466602.png,dog,dog
inputs/datasets/animals/image/test/dog/00136-829903232.png,dog,dog
inputs/datasets/animals/image/test/dog/00137-829903233.png,dog,dog
inputs/datasets/animals/image/test/dog/00140-3976466609.png,dog,dog
inputs/datasets/animals/image/test/dog/00143-3976466612.png,dog,dog
inputs/datasets/animals/image/test/dog/00146-3976466615.png,dog,dog
inputs/datasets/animals/image/test/dog/00154-829903250.png,dog,dog
inputs/datasets/animals/image/test/dog/00158-3976466627.png,dog,dog
inputs/datasets/animals/image/test/dog/00160-3976466629.png,dog,dog
inputs/datasets/animals/image/test/dog/00161-3976466630.png,dog,dog
inputs/datasets/animals/image/test/dog/00164-3976466633.png,dog,dog
inputs/datasets/animals/image/test/dog/00166-829903262.png,dog,dog
inputs/datasets/animals/image/test/dog/00169-3976466638.png,dog,dog
inputs/datasets/animals/image/test/dog/00171-3976466640.png,dog,dog
inputs/datasets/animals/image/test/dolphin/02809-670093306.png,dolphin,dolphin
inputs/datasets/animals/image/test/dolphin/02813-670093310.png,dolphin,dolphin
inputs/datasets/animals/image/test/dolphin/02816-670093313.png,dolphin,dolphin
inputs/datasets/animals/image/test/dolphin/02818-670093315.png,dolphin,dolphin
inputs/datasets/animals/image/test/dolphin/02823-670093320.png,dolphin,dolphin
inputs/datasets/animals/image/test/dolphin/02824-670093321.png,dolphin,dolphin
inputs/datasets/animals/image/test/dolphin/02825-670093322.png,dolphin,dolphin
inputs/datasets/animals/image/test/dolphin/02833-670093330.png,dolphin,dolphin
inputs/datasets/animals/image/test/dolphin/02835-670093332.png,dolphin,dolphin
inputs/datasets/animals/image/test/dolphin/02854-670093351.png,dolphin,dolphin
inputs/datasets/animals/image/test/dolphin/02860-670093357.png,dolphin,dolphin
inputs/datasets/animals/image/test/dolphin/02863-670093360.png,dolphin,dolphin
inputs/datasets/animals/image/test/dolphin/02869-670093366.png,dolphin,dolphin
inputs/datasets/animals/image/test/dolphin/02872-670093369.png,dolphin,dolphin
inputs/datasets/animals/image/test/dolphin/02880-670093377.png,dolphin,dolphin
inputs/datasets/animals/image/test/dolphin/02887-670093384.png,dolphin,dolphin
inputs/datasets/animals/image/test/dolphin/02900-670093397.png,dolphin,dolphin
inputs/datasets/animals/image/test/dolphin/02915-670093412.png,dolphin,dolphin
inputs/datasets/animals/image/test/dolphin/02916-670093413.png,dolphin,dolphin
inputs/datasets/animals/image/test/dolphin/02919-670093416.png,dolphin,dolphin
inputs/datasets/animals/image/test/dolphin/02925-670093422.png,dolphin,dolphin
inputs/datasets/animals/image/test/dolphin/02928-670093425.png,dolphin,dolphin
inputs/datasets/animals/image/test/dolphin/02930-670093427.png,dolphin,dolphin
inputs/datasets/animals/image/test/dolphin/02934-670093431.png,dolphin,dolphin
inputs/datasets/animals/image/test/dolphin/02935-670093432.png,dolphin,dolphin
inputs/datasets/animals/image/test/dolphin/02936-670093433.png,dolphin,dolphin
inputs/datasets/animals/image/test/dolphin/02941-670093438.png,dolphin,dolphin
inputs/datasets/animals/image/test/dolphin/02943-670093440.png,dolphin,dolphin
inputs/datasets/animals/image/test/dolphin/02945-670093442.png,dolphin,dolphin
inputs/datasets/animals/image/test/dolphin/02952-670093449.png,dolphin,dolphin
inputs/datasets/animals/image/test/dolphin/02977-670093474.png,dolphin,dolphin
inputs/datasets/animals/image/test/dolphin/02984-670093481.png,dolphin,dolphin
inputs/datasets/animals/image/test/dolphin/02989-670093486.png,dolphin,dolphin
inputs/datasets/animals/image/test/dolphin/02992-670093489.png,dolphin,dolphin
inputs/datasets/animals/image/test/dolphin/02996-670093493.png,dolphin,dolphin
inputs/datasets/animals/image/test/dolphin/02998-670093495.png,dolphin,dolphin
inputs/datasets/animals/image/test/dolphin/02999-670093496.png,dolphin,dolphin
inputs/datasets/animals/image/test/dolphin/03007-670093504.png,dolphin,dolphin
inputs/datasets/animals/image/test/dolphin/03009-670093506.png,dolphin,dolphin
inputs/datasets/animals/image/test/dolphin/03014-670093511.png,dolphin,dolphin
inputs/datasets/animals/image/test/dolphin/03015-670093512.png,dolphin,dolphin
inputs/datasets/animals/image/test/dolphin/03016-670093513.png,dolphin,dolphin
inputs/datasets/animals/image/test/dolphin/03020-670093517.png,dolphin,dolphin
inputs/datasets/animals/image/test/dolphin/03023-670093520.png,dolphin,dolphin
inputs/datasets/animals/image/test/donkey/09950-1600316838.png,donkey,donkey
inputs/datasets/animals/image/test/donkey/09956-1600316844.png,donkey,donkey
inputs/datasets/animals/image/test/donkey/09958-1600316846.png,donkey,donkey
inputs/datasets/animals/image/test/donkey/09965-1600316853.png,donkey,donkey
inputs/datasets/animals/image/test/donkey/09974-1600316862.png,donkey,donkey
inputs/datasets/animals/image/test/donkey/09976-1600316864.png,donkey,donkey
inputs/datasets/animals/image/test/donkey/09977-1600316865.png,donkey,donkey
inputs/datasets/animals/image/test/donkey/09982-1600316870.png,donkey,donkey
inputs/datasets/animals/image/test/donkey/09985-1600316873.png,donkey,donkey
inputs/datasets/animals/image/test/donkey/09993-1600316881.png,donkey,donkey
inputs/datasets/animals/image/test/donkey/09995-1600316883.png,donkey,donkey
inputs/datasets/animals/image/test/donkey/09997-1600316885.png,donkey,donkey
inputs/datasets/animals/image/test/donkey/10005-1600316893.png,donkey,donkey
inputs/datasets/animals/image/test/donkey/10006-1600316894.png,donkey,donkey
inputs/datasets/animals/image/test/donkey/10010-1600316898.png,donkey,donkey
inputs/datasets/animals/image/test/donkey/10015-1600316903.png,donkey,donkey
inputs/datasets/animals/image/test/donkey/10018-1600316906.png,donkey,donkey
inputs/datasets/animals/image/test/donkey/10022-1600316910.png,donkey,donkey
inputs/datasets/animals/image/test/donkey/10023-1600316911.png,donkey,donkey
inputs/datasets/animals/image/test/donkey/10029-1600316917.png,donkey,donkey
inputs/datasets/animals/image/test/donkey/10032-1600316920.png,donkey,donkey
inputs/datasets/animals/image/test/donkey/10034-1600316922.png,donkey,donkey
inputs/datasets/animals/image/test/donkey/10037-1600316925.png,donkey,donkey
inputs/datasets/animals/image/test/donkey/10044-1600316932.png,donkey,donkey
inputs/datasets/animals/image/test/donkey/10046-1600316934.png,donkey,donkey
inputs/datasets/animals/image/test/donkey/10050-1600316938.png,donkey,donkey
inputs/datasets/animals/image/test/donkey/10061-1600316949.png,donkey,donkey
inputs/datasets/animals/image/test/donkey/10071-1600316959.png,donkey,donkey
inputs/datasets/animals/image/test/donkey/10076-1600316964.png,donkey,donkey
inputs/datasets/animals/image/test/donkey/10081-1600316969.png,donkey,donkey
inputs/datasets/animals/image/test/donkey/10083-1600316971.png,donkey,donkey
inputs/datasets/animals/image/test/donkey/10088-1600316976.png,donkey,donkey
inputs/datasets/animals/image/test/donkey/10092-1600316980.png,donkey,donkey
inputs/datasets/animals/image/test/donkey/10095-1600316983.png,donkey,donkey
inputs/datasets/animals/image/test/donkey/10106-1600316994.png,donkey,donkey
inputs/datasets/animals/image/test/donkey/10109-1600316997.png,donkey,donkey
inputs/datasets/animals/image/test/donkey/10121-1600317009.png,donkey,donkey
inputs/datasets/animals/image/test/donkey/10123-1600317011.png,donkey,donkey
inputs/datasets/animals/image/test/donkey/10128-1600317016.png,donkey,donkey
inputs/datasets/animals/image/test/donkey/10131-1600317019.png,donkey,donkey
inputs/datasets/animals/image/test/donkey/10132-1600317020.png,donkey,donkey
inputs/datasets/animals/image/test/donkey/10133-1600317021.png,donkey,donkey
inputs/datasets/animals/image/test/donkey/10147-1600317035.png,donkey,donkey
inputs/datasets/animals/image/test/donkey/10148-1600317036.png,donkey,donkey
inputs/datasets/animals/image/test/duck/10165-3733825924.png,duck,duck
inputs/datasets/animals/image/test/duck/10167-3733825926.png,duck,duck
inputs/datasets/animals/image/test/duck/10170-3733825929.png,duck,duck
inputs/datasets/animals/image/test/duck/10171-3733825930.png,duck,duck
inputs/datasets/animals/image/test/duck/10172-3733825931.png,duck,duck
inputs/datasets/animals/image/test/duck/10176-3733825935.png,duck,goose
inputs/datasets/animals/image/test/duck/10179-3733825938.png,duck,duck
inputs/datasets/animals/image/test/duck/10180-3733825939.png,duck,duck
inputs/datasets/animals/image/test/duck/10191-3733825950.png,duck,duck
inputs/datasets/animals/image/test/duck/10193-3733825952.png,duck,duck
inputs/datasets/animals/image/test/duck/10194-3733825953.png,duck,duck
inputs/datasets/animals/image/test/duck/10196-3733825955.png,duck,duck
inputs/datasets/animals/image/test/duck/10202-3733825961.png,duck,duck
inputs/datasets/animals/image/test/duck/10205-3733825964.png,duck,duck
inputs/datasets/animals/image/test/duck/10207-3733825966.png,duck,duck
inputs/datasets/animals/image/test/duck/10210-3733825969.png,duck,duck
inputs/datasets/animals/image/test/duck/10211-3733825970.png,duck,duck
inputs/datasets/animals/image/test/duck/10240-3733825999.png,duck,duck
inputs/datasets/animals/image/test/duck/10249-3733826008.png,duck,duck
inputs/datasets/animals/image/test/duck/10252-3733826011.png,duck,duck
inputs/datasets/animals/image/test/duck/10253-3733826012.png,duck,duck
inputs/datasets/animals/image/test/duck/10260-3733826019.png,duck,duck
inputs/datasets/animals/image/test/duck/10262-3733826021.png,duck,duck
inputs/datasets/animals/image/test/duck/10268-3733826027.png,duck,duck
inputs/datasets/animals/image/test/duck/10272-3733826031.png,duck,duck
inputs/datasets/animals/image/test/duck/10276-3733826035.png,duck,duck
inputs/datasets/animals/image/test/duck/10278-3733826037.png,duck,duck
inputs/datasets/animals/image/test/duck/10281-3733826040.png,duck,duck
inputs/datasets/animals/image/test/duck/10298-3733826057.png,duck,duck
inputs/datasets/animals/image/test/duck/10299-3733826058.png,duck,duck
inputs/datasets/animals/image/test/duck/10310-3733826069.png,duck,duck
inputs/datasets/animals/image/test/duck/10312-3733826071.png,duck,duck
inputs/datasets/animals/image/test/duck/10326-3733826085.png,duck,duck
inputs/datasets/animals/image/test/duck/10327-3733826086.png,duck,duck
inputs/datasets/animals/image/test/duck/10328-3733826087.png,duck,duck
inputs/datasets/animals/image/test/duck/10334-3733826093.png,duck,duck
inputs/datasets/animals/image/test/duck/10337-3733826096.png,duck,duck
inputs/datasets/animals/image/test/duck/10341-3733826100.png,duck,duck
inputs/datasets/animals/image/test/duck/10342-3733826101.png,duck,duck
inputs/datasets/animals/image/test/duck/10343-3733826102.png,duck,duck
inputs/datasets/animals/image/test/duck/10345-3733826104.png,duck,duck
inputs/datasets/animals/image/test/duck/10356-3733826115.png,duck,duck
inputs/datasets/animals/image/test/duck/10359-3733826118.png,duck,duck
inputs/datasets/animals/image/test/duck/10362-3733826121.png,duck,duck
inputs/datasets/animals/image/test/eagle/03024-3418720352.png,eagle,eagle
inputs/datasets/animals/image/test/eagle/03028-3418720356.png,eagle,blackbird
inputs/datasets/animals/image/test/eagle/03030-3418720358.png,eagle,eagle
inputs/datasets/animals/image/test/eagle/03032-3418720360.png,eagle,eagle
inputs/datasets/animals/image/test/eagle/03035-3418720363.png,eagle,eagle
inputs/datasets/animals/image/test/eagle/03041-3418720369.png,eagle,eagle
inputs/datasets/animals/image/test/eagle/03056-3418720384.png,eagle,eagle
inputs/datasets/animals/image/test/eagle/03058-3418720386.png,eagle,eagle
inputs/datasets/animals/image/test/eagle/03059-3418720387.png,eagle,eagle
inputs/datasets/animals/image/test/eagle/03060-3418720388.png,eagle,eagle
inputs/datasets/animals/image/test/eagle/03064-3418720392.png,eagle,eagle
inputs/datasets/animals/image/test/eagle/03065-3418720393.png,eagle,eagle
inputs/datasets/animals/image/test/eagle/03070-3418720398.png,eagle,eagle
inputs/datasets/animals/image/test/eagle/03088-3418720416.png,eagle,eagle
inputs/datasets/animals/image/test/eagle/03093-3418720421.png,eagle,eagle
inputs/datasets/animals/image/test/eagle/03103-3418720431.png,eagle,eagle
inputs/datasets/animals/image/test/eagle/03107-3418720435.png,eagle,eagle
inputs/datasets/animals/image/test/eagle/03108-3418720436.png,eagle,eagle
inputs/datasets/animals/image/test/eagle/03110-3418720438.png,eagle,eagle
inputs/datasets/animals/image/test/eagle/03112-3418720440.png,eagle,eagle
inputs/datasets/animals/image/test/eagle/03117-3418720445.png,eagle,eagle
inputs/datasets/animals/image/test/eagle/03123-3418720451.png,eagle,eagle
inputs/datasets/animals/image/test/eagle/03125-3418720453.png,eagle,eagle
inputs/datasets/animals/image/test/eagle/03129-3418720457.png,eagle,eagle
inputs/datasets/animals/image/test/eagle/03142-3418720470.png,eagle,eagle
inputs/datasets/animals/image/test/eagle/03152-3418720480.png,eagle,eagle
inputs/datasets/animals/image/test/eagle/03156-3418720484.png,eagle,eagle
inputs/datasets/animals/image/test/eagle/03159-3418720487.png,eagle,eagle
inputs/datasets/animals/image/test/eagle/03165-3418720493.png,eagle,eagle
inputs/datasets/animals/image/test/eagle/03180-3418720508.png,eagle,eagle
inputs/datasets/animals/image/test/eagle/03181-3418720509.png,eagle,eagle
inputs/datasets/animals/image/test/eagle/03183-3418720511.png,eagle,eagle
inputs/datasets/animals/image/test/eagle/03184-3418720512.png,eagle,eagle
inputs/datasets/animals/image/test/eagle/03185-3418720513.png,eagle,eagle
inputs/datasets/animals/image/test/eagle/03194-3418720522.png,eagle,eagle
inputs/datasets/animals/image/test/eagle/03197-3418720525.png,eagle,eagle
inputs/datasets/animals/image/test/eagle/03199-3418720527.png,eagle,eagle
inputs/datasets/animals/image/test/eagle/03201-3418720529.png,eagle,eagle
inputs/datasets/animals/image/test/eagle/03202-3418720530.png,eagle,eagle
inputs/datasets/animals/image/test/eagle/03211-3418720539.png,eagle,eagle
inputs/datasets/animals/image/test/eagle/03214-3418720542.png,eagle,falcon
inputs/datasets/animals/image/test/eagle/03221-3418720549.png,eagle,eagle
inputs/datasets/animals/image/test/eagle/03223-3418720551.png,eagle,eagle
inputs/datasets/animals/image/test/eagle/03230-3418720558.png,eagle,eagle
inputs/datasets/animals/image/test/elephant/00003-1644800470.png,elephant,elephant
inputs/datasets/animals/image/test/elephant/00005-1644800472.png,elephant,elephant
inputs/datasets/animals/image/test/elephant/00016-1644800483.png,elephant,elephant
inputs/datasets/animals/image/test/elephant/00023-1644800490.png,elephant,elephant
inputs/datasets/animals/image/test/elephant/00028-1644800495.png,elephant,elephant
inputs/datasets/animals/image/test/elephant/00029-1644800496.png,elephant,elephant
inputs/datasets/animals/image/test/elephant/00035-1644800502.png,elephant,elephant
inputs/datasets/animals/image/test/elephant/00043-1644800510.png,elephant,elephant
inputs/datasets/animals/image/test/elephant/00053-1644800520.png,elephant,elephant
inputs/datasets/animals/image/test/elephant/00057-1644800524.png,elephant,elephant
inputs/datasets/animals/image/test/elephant/00073-1644800540.png,elephant,elephant
inputs/datasets/animals/image/test/elephant/00077-1644800544.png,elephant,elephant
inputs/datasets/animals/image/test/elephant/00087-1644800554.png,elephant,elephant
inputs/datasets/animals/image/test/elephant/00090-1644800557.png,elephant,elephant
inputs/datasets/animals/image/test/elephant/00099-1644800566.png,elephant,elephant
inputs/datasets/animals/image/test/elephant/00100-1644800567.png,elephant,elephant
inputs/datasets/animals/image/test/elephant/00105-1644800572.png,elephant,elephant
inputs/datasets/animals/image/test/elephant/00110-1644800577.png,elephant,elephant
inputs/datasets/animals/image/test/elephant/00116-1644800583.png,elephant,elephant
inputs/datasets/animals/image/test/elephant/00123-1644800590.png,elephant,elephant
inputs/datasets/animals/image/test/elephant/00131-1644800598.png,elephant,elephant
inputs/datasets/animals/image/test/elephant/00133-1644800600.png,elephant,elephant
inputs/datasets/animals/image/test/elephant/00135-1644800602.png,elephant,elephant
inputs/datasets/animals/image/test/elephant/00136-1644800603.png,elephant,elephant
inputs/datasets/animals/image/test/elephant/00144-1644800611.png,elephant,elephant
inputs/datasets/animals/image/test/elephant/00150-1644800617.png,elephant,elephant
inputs/datasets/animals/image/test/elephant/00152-1644800619.png,elephant,elephant
inputs/datasets/animals/image/test/elephant/00156-1644800623.png,elephant,elephant
inputs/datasets/animals/image/test/elephant/00157-1644800624.png,elephant,elephant
inputs/datasets/animals/image/test/elephant/00159-1644800626.png,elephant,elephant
inputs/datasets/animals/image/test/elephant/00161-1644800628.png,elephant,elephant
inputs/datasets/animals/image/test/elephant/00167-1644800634.png,elephant,elephant
inputs/datasets/animals/image/test/elephant/00169-1644800636.png,elephant,elephant
inputs/datasets/animals/image/test/elephant/00170-1644800637.png,elephant,elephant
inputs/datasets/animals/image/test/elephant/00171-1644800638.png,elephant,elephant
inputs/datasets/animals/image/test/elephant/00175-1644800642.png,elephant,elephant
inputs/datasets/animals/image/test/elephant/00181-1644800648.png,elephant,elephant
inputs/datasets/animals/image/test/elephant/00182-1644800649.png,elephant,elephant
inputs/datasets/animals/image/test/elephant/00184-1644800651.png,elephant,elephant
inputs/datasets/animals/image/test/elephant/00188-1644800655.png,elephant,elephant
inputs/datasets/animals/image/test/elephant/00198-1644800665.png,elephant,elephant
inputs/datasets/animals/image/test/elephant/00202-1644800669.png,elephant,elephant
inputs/datasets/animals/image/test/elephant/00205-1644800672.png,elephant,elephant
inputs/datasets/animals/image/test/elephant/00207-1644800674.png,elephant,elephant
inputs/datasets/animals/image/test/elephant/00216-1644800683.png,elephant,elephant
inputs/datasets/animals/image/test/elephant/00218-1644800685.png,elephant,elephant
inputs/datasets/animals/image/test/elephant/00227-1644800694.png,elephant,elephant
inputs/datasets/animals/image/test/elephant/00230-1644800697.png,elephant,elephant
inputs/datasets/animals/image/test/elephant/00231-1644800698.png,elephant,elephant
inputs/datasets/animals/image/test/elephant/00234-1644800701.png,elephant,elephant
inputs/datasets/animals/image/test/elephant/00240-1644800707.png,elephant,elephant
inputs/datasets/animals/image/test/elephant/00241-1644800708.png,elephant,elephant
inputs/datasets/animals/image/test/elephant/00251-1644800718.png,elephant,elephant
inputs/datasets/animals/image/test/elephant/00255-1644800722.png,elephant,elephant
inputs/datasets/animals/image/test/elephant/00257-1644800724.png,elephant,elephant
inputs/datasets/animals/image/test/elephant/00261-1644800728.png,elephant,elephant
inputs/datasets/animals/image/test/elephant/00265-1644800732.png,elephant,elephant
inputs/datasets/animals/image/test/elephant/00267-1644800734.png,elephant,elephant
inputs/datasets/animals/image/test/elephant/00277-1644800744.png,elephant,elephant
inputs/datasets/animals/image/test/falcon/10373-1399688730.png,falcon,falcon
inputs/datasets/animals/image/test/falcon/10374-1399688731.png,falcon,falcon
inputs/datasets/animals/image/test/falcon/10382-1399688739.png,falcon,falcon
inputs/datasets/animals/image/test/falcon/10392-1399688749.png,falcon,hawk
inputs/datasets/animals/image/test/falcon/10396-1399688753.png,falcon,falcon
inputs/datasets/animals/image/test/falcon/10399-1399688756.png,falcon,falcon
inputs/datasets/animals/image/test/falcon/10402-1399688759.png,falcon,falcon
inputs/datasets/animals/image/test/falcon/10408-1399688765.png,falcon,hawk
inputs/datasets/animals/image/test/falcon/10413-1399688770.png,falcon,falcon
inputs/datasets/animals/image/test/falcon/10419-1399688776.png,falcon,falcon
inputs/datasets/animals/image/test/falcon/10421-1399688778.png,falcon,falcon
inputs/datasets/animals/image/test/falcon/10423-1399688780.png,falcon,falcon
inputs/datasets/animals/image/test/falcon/10436-1399688793.png,falcon,falcon
inputs/datasets/animals/image/test/falcon/10437-1399688794.png,falcon,falcon
inputs/datasets/animals/image/test/falcon/10451-1399688808.png,falcon,falcon
inputs/datasets/animals/image/test/falcon/10454-1399688811.png,falcon,falcon
inputs/datasets/animals/image/test/falcon/10461-1399688818.png,falcon,falcon
inputs/datasets/animals/image/test/falcon/10462-1399688819.png,falcon,falcon
inputs/datasets/animals/image/test/falcon/10464-1399688821.png,falcon,falcon
inputs/datasets/animals/image/test/falcon/10466-1399688823.png,falcon,falcon
inputs/datasets/animals/image/test/falcon/10475-1399688832.png,falcon,falcon
inputs/datasets/animals/image/test/falcon/10476-1399688833.png,falcon,falcon
inputs/datasets/animals/image/test/falcon/10490-1399688847.png,falcon,falcon
inputs/datasets/animals/image/test/falcon/10500-1399688857.png,falcon,falcon
inputs/datasets/animals/image/test/falcon/10502-1399688859.png,falcon,falcon
inputs/datasets/animals/image/test/falcon/10513-1399688870.png,falcon,falcon
inputs/datasets/animals/image/test/falcon/10516-1399688873.png,falcon,falcon
inputs/datasets/animals/image/test/falcon/10517-1399688874.png,falcon,falcon
inputs/datasets/animals/image/test/falcon/10521-1399688878.png,falcon,falcon
inputs/datasets/animals/image/test/falcon/10530-1399688887.png,falcon,falcon
inputs/datasets/animals/image/test/falcon/10535-1399688892.png,falcon,falcon
inputs/datasets/animals/image/test/falcon/10539-1399688896.png,falcon,falcon
inputs/datasets/animals/image/test/falcon/10541-1399688898.png,falcon,falcon
inputs/datasets/animals/image/test/falcon/10544-1399688901.png,falcon,falcon
inputs/datasets/animals/image/test/falcon/10550-1399688907.png,falcon,falcon
inputs/datasets/animals/image/test/falcon/10552-1399688909.png,falcon,falcon
inputs/datasets/animals/image/test/falcon/10560-1399688917.png,falcon,falcon
inputs/datasets/animals/image/test/falcon/10563-1399688920.png,falcon,falcon
inputs/datasets/animals/image/test/falcon/10564-1399688921.png,falcon,falcon
inputs/datasets/animals/image/test/falcon/10566-1399688923.png,falcon,falcon
inputs/datasets/animals/image/test/falcon/10570-1399688927.png,falcon,falcon
inputs/datasets/animals/image/test/falcon/10571-1399688928.png,falcon,falcon
inputs/datasets/animals/image/test/falcon/10578-1399688935.png,falcon,falcon
inputs/datasets/animals/image/test/falcon/10583-1399688940.png,falcon,hawk
inputs/datasets/animals/image/test/ferret/10600-1093479315.png,ferret,ferret
inputs/datasets/animals/image/test/ferret/10634-1093479349.png,ferret,ferret
inputs/datasets/animals/image/test/ferret/10643-1093479358.png,ferret,ferret
inputs/datasets/animals/image/test/ferret/10645-1093479360.png,ferret,ferret
inputs/datasets/animals/image/test/ferret/10648-1093479363.png,ferret,ferret
inputs/datasets/animals/image/test/ferret/10656-1093479371.png,ferret,ferret
inputs/datasets/animals/image/test/ferret/10666-1093479381.png,ferret,ferret
inputs/datasets/animals/image/test/ferret/10671-1093479386.png,ferret,ferret
inputs/datasets/animals/image/test/ferret/10675-1093479390.png,ferret,ferret
inputs/datasets/animals/image/test/ferret/10679-1093479394.png,ferret,ferret
inputs/datasets/animals/image/test/ferret/10681-1093479396.png,ferret,ferret
inputs/datasets/animals/image/test/ferret/10686-1093479401.png,ferret,ferret
inputs/datasets/animals/image/test/ferret/10687-1093479402.png,ferret,ferret
inputs/datasets/animals/image/test/ferret/10689-1093479404.png,ferret,ferret
inputs/datasets/animals/image/test/ferret/10691-1093479406.png,ferret,ferret
inputs/datasets/animals/image/test/ferret/10701-1093479416.png,ferret,ferret
inputs/datasets/animals/image/test/ferret/10702-1093479417.png,ferret,ferret
inputs/datasets/animals/image/test/ferret/10710-1093479425.png,ferret,ferret
inputs/datasets/animals/image/test/ferret/10712-1093479427.png,ferret,ferret
inputs/datasets/animals/image/test/ferret/10715-1093479430.png,ferret,ferret
inputs/datasets/animals/image/test/ferret/10719-1093479434.png,ferret,ferret
inputs/datasets/animals/image/test/ferret/10722-1093479437.png,ferret,ferret
inputs/datasets/animals/image/test/ferret/10726-1093479441.png,ferret,ferret
inputs/datasets/animals/image/test/ferret/10727-1093479442.png,ferret,ferret
inputs/datasets/animals/image/test/ferret/10734-1093479449.png,ferret,ferret
inputs/datasets/animals/image/test/ferret/10736-1093479451.png,ferret,ferret
inputs/datasets/animals/image/test/ferret/10737-1093479452.png,ferret,ferret
inputs/datasets/animals/image/test/ferret/10738-1093479453.png,ferret,ferret
inputs/datasets/animals/image/test/ferret/10740-1093479455.png,ferret,ferret
inputs/datasets/animals/image/test/ferret/10747-1093479462.png,ferret,ferret
inputs/datasets/animals/image/test/ferret/10750-1093479465.png,ferret,ferret
inputs/datasets/animals/image/test/ferret/10751-1093479466.png,ferret,ferret
inputs/datasets/animals/image/test/ferret/10752-1093479467.png,ferret,ferret
inputs/datasets/animals/image/test/ferret/10761-1093479476.png,ferret,ferret
inputs/datasets/animals/image/test/ferret/10762-1093479477.png,ferret,ferret
inputs/datasets/animals/image/test/ferret/10763-1093479478.png,ferret,ferret
inputs/datasets/animals/image/test/ferret/10765-1093479480.png,ferret,ferret
inputs/datasets/animals/image/test/ferret/10769-1093479484.png,ferret,ferret
inputs/datasets/animals/image/test/ferret/10774-1093479489.png,ferret,ferret
inputs/datasets/animals/image/test/ferret/10777-1093479492.png,ferret,ferret
inputs/datasets/animals/image/test/ferret/10781-1093479496.png,ferret,ferret
inputs/datasets/animals/image/test/ferret/10782-1093479497.png,ferret,ferret
inputs/datasets/animals/image/test/ferret/10784-1093479499.png,ferret,ferret
inputs/datasets/animals/image/test/ferret/10794-1093479509.png,ferret,ferret
inputs/datasets/animals/image/test/flamingo/10801-107745528.png,flamingo,flamingo
inputs/datasets/animals/image/test/flamingo/10804-107745531.png,flamingo,flamingo
inputs/datasets/animals/image/test/flamingo/10807-107745534.png,flamingo,flamingo
inputs/datasets/animals/image/test/flamingo/10809-107745536.png,flamingo,flamingo
inputs/datasets/animals/image/test/flamingo/10813-107745540.png,flamingo,flamingo
inputs/datasets/animals/image/test/flamingo/10821-107745548.png,flamingo,flamingo
inputs/datasets/animals/image/test/flamingo/10823-107745550.png,flamingo,flamingo
inputs/datasets/animals/image/test/flamingo/10832-107745559.png,flamingo,flamingo
inputs/datasets/animals/image/test/flamingo/10833-107745560.png,flamingo,flamingo
inputs/datasets/animals/image/test/flamingo/10856-107745583.png,flamingo,flamingo
inputs/datasets/animals/image/test/flamingo/10862-107745589.png,flamingo,flamingo
inputs/datasets/animals/image/test/flamingo/10865-107745592.png,flamingo,flamingo
inputs/datasets/animals/image/test/flamingo/10869-107745596.png,flamingo,flamingo
inputs/datasets/animals/image/test/flamingo/10870-107745597.png,flamingo,flamingo
inputs/datasets/animals/image/test/flamingo/10877-107745604.png,flamingo,flamingo
inputs/datasets/animals/image/test/flamingo/10878-107745605.png,flamingo,flamingo
inputs/datasets/animals/image/test/flamingo/10882-107745609.png,flamingo,flamingo
inputs/datasets/animals/image/test/flamingo/10883-107745610.png,flamingo,flamingo
inputs/datasets/animals/image/test/flamingo/10887-107745614.png,flamingo,flamingo
inputs/datasets/animals/image/test/flamingo/10890-107745617.png,flamingo,flamingo
inputs/datasets/animals/image/test/flamingo/10892-107745619.png,flamingo,flamingo
inputs/datasets/animals/image/test/flamingo/10896-107745623.png,flamingo,flamingo
inputs/datasets/animals/image/test/flamingo/10901-107745628.png,flamingo,flamingo
inputs/datasets/animals/image/test/flamingo/10905-107745632.png,flamingo,flamingo
inputs/datasets/animals/image/test/flamingo/10910-107745637.png,flamingo,flamingo
inputs/datasets/animals/image/test/flamingo/10911-107745638.png,flamingo,flamingo
inputs/datasets/animals/image/test/flamingo/10914-107745641.png,flamingo,flamingo
inputs/datasets/animals/image/test/flamingo/10917-107745644.png,flamingo,flamingo
inputs/datasets/animals/image/test/flamingo/10920-107745647.png,flamingo,flamingo
inputs/datasets/animals/image/test/flamingo/10924-107745651.png,flamingo,flamingo
inputs/datasets/animals/image/test/flamingo/10933-107745660.png,flamingo,flamingo
inputs/datasets/animals/image/test/flamingo/10934-107745661.png,flamingo,flamingo
inputs/datasets/animals/image/test/flamingo/10942-107745669.png,flamingo,flamingo
inputs/datasets/animals/image/test/flamingo/10946-107745673.png,flamingo,flamingo
inputs/datasets/animals/image/test/flamingo/10947-107745674.png,flamingo,flamingo
inputs/datasets/animals/image/test/flamingo/10958-107745685.png,flamingo,flamingo
inputs/datasets/animals/image/test/flamingo/10970-107745697.png,flamingo,flamingo
inputs/datasets/animals/image/test/flamingo/10971-107745698.png,flamingo,flamingo
inputs/datasets/animals/image/test/flamingo/10973-107745700.png,flamingo,flamingo
inputs/datasets/animals/image/test/flamingo/10975-107745702.png,flamingo,flamingo
inputs/datasets/animals/image/test/flamingo/10989-107745716.png,flamingo,flamingo
inputs/datasets/animals/image/test/flamingo/10992-107745719.png,flamingo,flamingo
inputs/datasets/animals/image/test/flamingo/11012-107745739.png,flamingo,flamingo
inputs/datasets/animals/image/test/flamingo/11015-107745742.png,flamingo,flamingo
inputs/datasets/animals/image/test/fox/03244-1032198529.png,fox,fox
inputs/datasets/animals/image/test/fox/03252-1032198537.png,fox,fox
inputs/datasets/animals/image/test/fox/03264-1032198549.png,fox,fox
inputs/datasets/animals/image/test/fox/03273-1032198558.png,fox,fox
inputs/datasets/animals/image/test/fox/03282-1032198567.png,fox,fox
inputs/datasets/animals/image/test/fox/03283-1032198568.png,fox,fox
inputs/datasets/animals/image/test/fox/03284-1032198569.png,fox,fox
inputs/datasets/animals/image/test/fox/03287-1032198572.png,fox,fox
inputs/datasets/animals/image/test/fox/03288-1032198573.png,fox,fox
inputs/datasets/animals/image/test/fox/03298-1032198583.png,fox,fox
inputs/datasets/animals/image/test/fox/03299-1032198584.png,fox,fox
inputs/datasets/animals/image/test/fox/03300-1032198585.png,fox,fox
inputs/datasets/animals/image/test/fox/03304-1032198589.png,fox,fox
inputs/datasets/animals/image/test/fox/03306-1032198591.png,fox,fox
inputs/datasets/animals/image/test/fox/03314-1032198599.png,fox,fox
inputs/datasets/animals/image/test/fox/03317-1032198602.png,fox,fox
inputs/datasets/animals/image/test/fox/03320-1032198605.png,fox,fox
inputs/datasets/animals/image/test/fox/03328-1032198613.png,fox,fox
inputs/datasets/animals/image/test/fox/03330-1032198615.png,fox,fox
inputs/datasets/animals/image/test/fox/03331-1032198616.png,fox,fox
inputs/datasets/animals/image/test/fox/03352-1032198637.png,fox,fox
inputs/datasets/animals/image/test/fox/03362-1032198647.png,fox,fox
inputs/datasets/animals/image/test/fox/03363-1032198648.png,fox,fox
inputs/datasets/animals/image/test/fox/03365-1032198650.png,fox,fox
inputs/datasets/animals/image/test/fox/03371-1032198656.png,fox,fox
inputs/datasets/animals/image/test/fox/03373-1032198658.png,fox,fox
inputs/datasets/animals/image/test/fox/03375-1032198660.png,fox,fox
inputs/datasets/animals/image/test/fox/03378-1032198663.png,fox,fox
inputs/datasets/animals/image/test/fox/03385-1032198670.png,fox,fox
inputs/datasets/animals/image/test/fox/03389-1032198674.png,fox,fox
inputs/datasets/animals/image/test/fox/03394-1032198679.png,fox,fox
inputs/datasets/animals/image/test/fox/03398-1032198683.png,fox,fox
inputs/datasets/animals/image/test/fox/03400-1032198685.png,fox,fox
inputs/datasets/animals/image/test/fox/03403-1032198688.png,fox,fox
inputs/datasets/animals/image/test/fox/03408-1032198693.png,fox,fox
inputs/datasets/animals/image/test/fox/03411-1032198696.png,fox,fox
inputs/datasets/animals/image/test/fox/03412-1032198697.png,fox,fox
inputs/datasets/animals/image/test/fox/03423-1032198708.png,fox,fox
inputs/datasets/animals/image/test/fox/03424-1032198709.png,fox,fox
inputs/datasets/animals/image/test/fox/03426-1032198711.png,fox,fox
inputs/datasets/animals/image/test/fox/03427-1032198712.png,fox,fox
inputs/datasets/animals/image/test/fox/03436-1032198721.png,fox,fox
inputs/datasets/animals/image/test/fox/03439-1032198724.png,fox,fox
inputs/datasets/animals/image/test/fox/03448-1032198733.png,fox,fox
inputs/datasets/animals/image/test/frog/00000-1285649098.png,frog,frog
inputs/datasets/animals/image/test/frog/00001-1285649099.png,frog,frog
inputs/datasets/animals/image/test/frog/00002-2014008089.png,frog,frog
inputs/datasets/animals/image/test/frog/00003-2014008090.png,frog,frog
inputs/datasets/animals/image/test/frog/00004-2014008091.png,frog,frog
inputs/datasets/animals/image/test/frog/00005-587313070.png,frog,frog
inputs/datasets/animals/image/test/frog/00010-1285649108.png,frog,frog
inputs/datasets/animals/image/test/frog/00010-2014008097.png,frog,frog
inputs/datasets/animals/image/test/frog/00014-1285649112.png,frog,frog
inputs/datasets/animals/image/test/frog/00014-2014008101.png,frog,frog
inputs/datasets/animals/image/test/frog/00015-1285649113.png,frog,frog
inputs/datasets/animals/image/test/frog/00015-2014008102.png,frog,frog
inputs/datasets/animals/image/test/frog/00017-1285649115.png,frog,frog
inputs/datasets/animals/image/test/frog/00018-1285649116.png,frog,frog
inputs/datasets/animals/image/test/frog/00019-1285649117.png,frog,frog
inputs/datasets/animals/image/test/frog/00020-1285649118.png,frog,frog
inputs/datasets/animals/image/test/frog/00020-587313085.png,frog,frog
inputs/datasets/animals/image/test/frog/00021-1285649119.png,frog,frog
inputs/datasets/animals/image/test/frog/00021-2014008108.png,frog,frog
inputs/datasets/animals/image/test/frog/00027-2014008114.png,frog,frog
inputs/datasets/animals/image/test/frog/00027-587313092.png,frog,frog
inputs/datasets/animals/image/test/frog/00028-1285649126.png,frog,frog
inputs/datasets/animals/image/test/frog/00029-2014008116.png,frog,grasshopper
inputs/datasets/animals/image/test/frog/00029-587313094.png,frog,frog
inputs/datasets/animals/image/test/frog/00032-587313097.png,frog,frog
inputs/datasets/animals/image/test/frog/00033-2014008120.png,frog,frog
inputs/datasets/animals/image/test/frog/00034-1285649132.png,frog,frog
inputs/datasets/animals/image/test/frog/00036-2014008123.png,frog,frog
inputs/datasets/animals/image/test/frog/00037-1285649135.png,frog,frog
inputs/datasets/animals/image/test/frog/00037-2014008124.png,frog,frog
inputs/datasets/animals/image/test/frog/00037-587313102.png,frog,frog
inputs/datasets/animals/image/test/frog/00038-2014008125.png,frog,frog
inputs/datasets/animals/image/test/frog/00040-2014008127.png,frog,frog
inputs/datasets/animals/image/test/frog/00041-1285649139.png,frog,frog
inputs/datasets/animals/image/test/frog/00043-2014008130.png,frog,frog
inputs/datasets/animals/image/test/frog/00043-587313108.png,frog,frog
inputs/datasets/animals/image/test/frog/00044-587313109.png,frog,frog
inputs/datasets/animals/image/test/frog/00045-587313110.png,frog,frog
inputs/datasets/animals/image/test/frog/00046-2014008133.png,frog,frog
inputs/datasets/animals/image/test/frog/00047-1285649145.png,frog,frog
inputs/datasets/animals/image/test/frog/00049-1285649147.png,frog,frog
inputs/datasets/animals/image/test/frog/00051-587313116.png,frog,frog
inputs/datasets/animals/image/test/frog/00052-2014008139.png,frog,frog
inputs/datasets/animals/image/test/frog/00056-587313121.png,frog,frog
inputs/datasets/animals/image/test/frog/00058-587313123.png,frog,frog
inputs/datasets/animals/image/test/frog/00061-587313126.png,frog,frog
inputs/datasets/animals/image/test/frog/00062-1285649160.png,frog,frog
inputs/datasets/animals/image/test/frog/00068-2014008155.png,frog,frog
inputs/datasets/animals/image/test/frog/00072-1285649170.png,frog,frog
inputs/datasets/animals/image/test/frog/00072-2014008159.png,frog,frog
inputs/datasets/animals/image/test/frog/00076-1285649174.png,frog,frog
inputs/datasets/animals/image/test/frog/00077-2014008164.png,frog,frog
inputs/datasets/animals/image/test/frog/00082-587313147.png,frog,frog
inputs/datasets/animals/image/test/frog/00083-587313148.png,frog,frog
inputs/datasets/animals/image/test/frog/00084-1285649182.png,frog,frog
inputs/datasets/animals/image/test/frog/00086-2014008173.png,frog,frog
inputs/datasets/animals/image/test/frog/00089-587313154.png,frog,frog
inputs/datasets/animals/image/test/frog/00090-1285649188.png,frog,frog
inputs/datasets/animals/image/test/frog/00092-2014008179.png,frog,frog
inputs/datasets/animals/image/test/frog/00096-587313161.png,frog,frog
inputs/datasets/animals/image/test/frog/00106-587313171.png,frog,frog
inputs/datasets/animals/image/test/frog/00108-587313173.png,frog,frog
inputs/datasets/animals/image/test/frog/00112-587313177.png,frog,frog
inputs/datasets/animals/image/test/giraffe/03456-2507373141.png,giraffe,giraffe
inputs/datasets/animals/image/test/giraffe/03457-2507373142.png,giraffe,giraffe
inputs/datasets/animals/image/test/giraffe/03469-2507373154.png,giraffe,giraffe
inputs/datasets/animals/image/test/giraffe/03474-2507373159.png,giraffe,giraffe
inputs/datasets/animals/image/test/giraffe/03486-2507373171.png,giraffe,giraffe
inputs/datasets/animals/image/test/giraffe/03498-2507373183.png,giraffe,giraffe
inputs/datasets/animals/image/test/giraffe/03501-2507373186.png,giraffe,giraffe
inputs/datasets/animals/image/test/giraffe/03506-2507373191.png,giraffe,giraffe
inputs/datasets/animals/image/test/giraffe/03508-2507373193.png,giraffe,giraffe
inputs/datasets/animals/image/test/giraffe/03509-2507373194.png,giraffe,giraffe
inputs/datasets/animals/image/test/giraffe/03510-2507373195.png,giraffe,giraffe
inputs/datasets/animals/image/test/giraffe/03511-2507373196.png,giraffe,giraffe
inputs/datasets/animals/image/test/giraffe/03516-2507373201.png,giraffe,giraffe
inputs/datasets/animals/image/test/giraffe/03521-2507373206.png,giraffe,giraffe
inputs/datasets/animals/image/test/giraffe/03525-2507373210.png,giraffe,giraffe
inputs/datasets/animals/image/test/giraffe/03526-2507373211.png,giraffe,giraffe
inputs/datasets/animals/image/test/giraffe/03530-2507373215.png,giraffe,giraffe
inputs/datasets/animals/image/test/giraffe/03540-2507373225.png,giraffe,giraffe
inputs/datasets/animals/image/test/giraffe/03541-2507373226.png,giraffe,giraffe
inputs/datasets/animals/image/test/giraffe/03544-2507373229.png,giraffe,giraffe
inputs/datasets/animals/image/test/giraffe/03546-2507373231.png,giraffe,giraffe
inputs/datasets/animals/image/test/giraffe/03556-2507373241.png,giraffe,giraffe
inputs/datasets/animals/image/test/giraffe/03562-2507373247.png,giraffe,giraffe
inputs/datasets/animals/image/test/giraffe/03570-2507373255.png,giraffe,giraffe
inputs/datasets/animals/image/test/giraffe/03577-2507373262.png,giraffe,giraffe
inputs/datasets/animals/image/test/giraffe/03580-2507373265.png,giraffe,giraffe
inputs/datasets/animals/image/test/giraffe/03589-2507373274.png,giraffe,giraffe
inputs/datasets/animals/image/test/giraffe/03591-2507373276.png,giraffe,giraffe
inputs/datasets/animals/image/test/giraffe/03595-2507373280.png,giraffe,giraffe
inputs/datasets/animals/image/test/giraffe/03609-2507373294.png,giraffe,giraffe
inputs/datasets/animals/image/test/giraffe/03614-2507373299.png,giraffe,giraffe
inputs/datasets/animals/image/test/giraffe/03616-2507373301.png,giraffe,giraffe
inputs/datasets/animals/image/test/giraffe/03620-2507373305.png,giraffe,giraffe
inputs/datasets/animals/image/test/giraffe/03622-2507373307.png,giraffe,giraffe
inputs/datasets/animals/image/test/giraffe/03628-2507373313.png,giraffe,giraffe
inputs/datasets/animals/image/test/giraffe/03637-2507373322.png,giraffe,giraffe
inputs/datasets/animals/image/test/giraffe/03643-2507373328.png,giraffe,giraffe
inputs/datasets/animals/image/test/giraffe/03648-2507373333.png,giraffe,giraffe
inputs/datasets/animals/image/test/giraffe/03655-2507373340.png,giraffe,giraffe
inputs/datasets/animals/image/test/giraffe/03658-2507373343.png,giraffe,giraffe
inputs/datasets/animals/image/test/giraffe/03659-2507373344.png,giraffe,giraffe
inputs/datasets/animals/image/test/giraffe/03660-2507373345.png,giraffe,giraffe
inputs/datasets/animals/image/test/giraffe/03662-2507373347.png,giraffe,giraffe
inputs/datasets/animals/image/test/giraffe/03664-2507373349.png,giraffe,giraffe
inputs/datasets/animals/image/test/goat/11241-2191195498.png,goat,goat
inputs/datasets/animals/image/test/goat/11251-2191195508.png,goat,goat
inputs/datasets/animals/image/test/goat/11255-2191195512.png,goat,goat
inputs/datasets/animals/image/test/goat/11259-2191195516.png,goat,goat
inputs/datasets/animals/image/test/goat/11262-2191195519.png,goat,goat
inputs/datasets/animals/image/test/goat/11264-2191195521.png,goat,goat
inputs/datasets/animals/image/test/goat/11267-2191195524.png,goat,goat
inputs/datasets/animals/image/test/goat/11269-2191195526.png,goat,goat
inputs/datasets/animals/image/test/goat/11273-2191195530.png,goat,goat
inputs/datasets/animals/image/test/goat/11274-2191195531.png,goat,goat
inputs/datasets/animals/image/test/goat/11278-2191195535.png,goat,goat
inputs/datasets/animals/image/test/goat/11280-2191195537.png,goat,goat
inputs/datasets/animals/image/test/goat/11288-2191195545.png,goat,goat
inputs/datasets/animals/image/test/goat/11289-2191195546.png,goat,donkey
inputs/datasets/animals/image/test/goat/11305-2191195562.png,goat,goat
inputs/datasets/animals/image/test/goat/11306-2191195563.png,goat,goat
inputs/datasets/animals/image/test/goat/11308-2191195565.png,goat,goat
inputs/datasets/animals/image/test/goat/11309-2191195566.png,goat,goat
inputs/datasets/animals/image/test/goat/11314-2191195571.png,goat,goat
inputs/datasets/animals/image/test/goat/11315-2191195572.png,goat,goat
inputs/datasets/animals/image/test/goat/11318-2191195575.png,goat,goat
inputs/datasets/animals/image/test/goat/11325-2191195582.png,goat,goat
inputs/datasets/animals/image/test/goat/11328-2191195585.png,goat,goat
inputs/datasets/animals/image/test/goat/11342-2191195599.png,goat,goat
inputs/datasets/animals/image/test/goat/11348-2191195605.png,goat,goat
inputs/datasets/animals/image/test/goat/11354-2191195611.png,goat,goat
inputs/datasets/animals/image/test/goat/11364-2191195621.png,goat,goat
inputs/datasets/animals/image/test/goat/11368-2191195625.png,goat,goat
inputs/datasets/animals/image/test/goat/11372-2191195629.png,goat,goat
inputs/datasets/animals/image/test/goat/11386-2191195643.png,goat,goat
inputs/datasets/animals/image/test/goat/11394-2191195651.png,goat,goat
inputs/datasets/animals/image/test/goat/11396-2191195653.png,goat,goat
inputs/datasets/animals/image/test/goat/11397-2191195654.png,goat,goat
inputs/datasets/animals/image/test/goat/11403-2191195660.png,goat,goat
inputs/datasets/animals/image/test/goat/11406-2191195663.png,goat,goat
inputs/datasets/animals/image/test/goat/11412-2191195669.png,goat,goat
inputs/datasets/animals/image/test/goat/11417-2191195674.png,goat,goat
inputs/datasets/animals/image/test/goat/11422-2191195679.png,goat,goat
inputs/datasets/animals/image/test/goat/11426-2191195683.png,goat,goat
inputs/datasets/animals/image/test/goat/11428-2191195685.png,goat,goat
inputs/datasets/animals/image/test/goat/11432-2191195689.png,goat,goat
inputs/datasets/animals/image/test/goat/11434-2191195691.png,goat,goat
inputs/datasets/animals/image/test/goat/11437-2191195694.png,goat,goat
inputs/datasets/animals/image/test/goat/11446-2191195703.png,goat,goat
inputs/datasets/animals/image/test/goose/03673-2991111821.png,goose,goose
inputs/datasets/animals/image/test/goose/03674-2991111822.png,goose,goose
inputs/datasets/animals/image/test/goose/03677-2991111825.png,goose,goose
inputs/datasets/animals/image/test/goose/03678-2991111826.png,goose,goose
inputs/datasets/animals/image/test/goose/03681-2991111829.png,goose,goose
inputs/datasets/animals/image/test/goose/03683-2991111831.png,goose,goose
inputs/datasets/animals/image/test/goose/03691-2991111839.png,goose,goose
inputs/datasets/animals/image/test/goose/03692-2991111840.png,goose,goose
inputs/datasets/animals/image/test/goose/03693-2991111841.png,goose,goose
inputs/datasets/animals/image/test/goose/03706-2991111854.png,goose,goose
inputs/datasets/animals/image/test/goose/03708-2991111856.png,goose,goose
inputs/datasets/animals/image/test/goose/03717-2991111865.png,goose,goose
inputs/datasets/animals/image/test/goose/03723-2991111871.png,goose,goose
inputs/datasets/animals/image/test/goose/03727-2991111875.png,goose,goose
inputs/datasets/animals/image/test/goose/03729-2991111877.png,goose,goose
inputs/datasets/animals/image/test/goose/03738-2991111886.png,goose,goose
inputs/datasets/animals/image/test/goose/03749-2991111897.png,goose,goose
inputs/datasets/animals/image/test/goose/03755-2991111903.png,goose,goose
inputs/datasets/animals/image/test/goose/03762-2991111910.png,goose,goose
inputs/datasets/animals/image/test/goose/03763-2991111911.png,goose,goose
inputs/datasets/animals/image/test/goose/03767-2991111915.png,goose,goose
inputs/datasets/animals/image/test/goose/03768-2991111916.png,goose,goose
inputs/datasets/animals/image/test/goose/03769-2991111917.png,goose,goose
inputs/datasets/animals/image/test/goose/03773-2991111921.png,goose,goose
inputs/datasets/animals/image/test/goose/03775-2991111923.png,goose,goose
inputs/datasets/animals/image/test/goose/03777-2991111925.png,goose,goose
inputs/datasets/animals/image/test/goose/03778-2991111926.png,goose,goose
inputs/datasets/animals/image/test/goose/03782-2991111930.png,goose,goose
inputs/datasets/animals/image/test/goose/03785-2991111933.png,goose,goose
inputs/datasets/animals/image/test/goose/03786-2991111934.png,goose,goose
inputs/datasets/animals/image/test/goose/03787-2991111935.png,goose,goose
inputs/datasets/animals/image/test/goose/03796-2991111944.png,goose,goose
inputs/datasets/animals/image/test/goose/03801-2991111949.png,goose,goose
inputs/datasets/animals/image/test/goose/03803-2991111951.png,goose,goose
inputs/datasets/animals/image/test/goose/03808-2991111956.png,goose,goose
inputs/datasets/animals/image/test/goose/03813-2991111961.png,goose,goose
inputs/datasets/animals/image/test/goose/03819-2991111967.png,goose,goose
inputs/datasets/animals/image/test/goose/03824-2991111972.png,goose,goose
inputs/datasets/animals/image/test/goose/03840-2991111988.png,goose,goose
inputs/datasets/animals/image/test/goose/03847-2991111995.png,goose,goose
inputs/datasets/animals/image/test/goose/03861-2991112009.png,goose,goose
inputs/datasets/animals/image/test/goose/03877-2991112025.png,goose,goose
inputs/datasets/animals/image/test/goose/03883-2991112031.png,goose,goose
inputs/datasets/animals/image/test/goose/03885-2991112033.png,goose,goose
inputs/datasets/animals/image/test/gorilla/11461-1634100060.png,gorilla,gorilla
inputs/datasets/animals/image/test/gorilla/11463-1634100062.png,gorilla,gorilla
inputs/datasets/animals/image/test/gorilla/11464-1634100063.png,gorilla,gorilla
inputs/datasets/animals/image/test/gorilla/11466-1634100065.png,gorilla,gorilla
inputs/datasets/animals/image/test/gorilla/11470-1634100069.png,gorilla,gorilla
inputs/datasets/animals/image/test/gorilla/11475-1634100074.png,gorilla,gorilla
inputs/datasets/animals/image/test/gorilla/11476-1634100075.png,gorilla,gorilla
inputs/datasets/animals/image/test/gorilla/11479-1634100078.png,gorilla,gorilla
inputs/datasets/animals/image/test/gorilla/11481-1634100080.png,gorilla,gorilla
inputs/datasets/animals/image/test/gorilla/11486-1634100085.png,gorilla,gorilla
inputs/datasets/animals/image/test/gorilla/11503-1634100102.png,gorilla,gorilla
inputs/datasets/animals/image/test/gorilla/11504-1634100103.png,gorilla,gorilla
inputs/datasets/animals/image/test/gorilla/11507-1634100106.png,gorilla,gorilla
inputs/datasets/animals/image/test/gorilla/11524-1634100123.png,gorilla,gorilla
inputs/datasets/animals/image/test/gorilla/11535-1634100134.png,gorilla,gorilla
inputs/datasets/animals/image/test/gorilla/11539-1634100138.png,gorilla,gorilla
inputs/datasets/animals/image/test/gorilla/11543-1634100142.png,gorilla,gorilla
inputs/datasets/animals/image/test/gorilla/11558-1634100157.png,gorilla,gorilla
inputs/datasets/animals/image/test/gorilla/11560-1634100159.png,gorilla,gorilla
inputs/datasets/animals/image/test/gorilla/11561-1634100160.png,gorilla,gorilla
inputs/datasets/animals/image/test/gorilla/11564-1634100163.png,gorilla,gorilla
inputs/datasets/animals/image/test/gorilla/11572-1634100171.png,gorilla,gorilla
inputs/datasets/animals/image/test/gorilla/11575-1634100174.png,gorilla,gorilla
inputs/datasets/animals/image/test/gorilla/11576-1634100175.png,gorilla,gorilla
inputs/datasets/animals/image/test/gorilla/11579-1634100178.png,gorilla,gorilla
inputs/datasets/animals/image/test/gorilla/11582-1634100181.png,gorilla,gorilla
inputs/datasets/animals/image/test/gorilla/11584-1634100183.png,gorilla,gorilla
inputs/datasets/animals/image/test/gorilla/11587-1634100186.png,gorilla,gorilla
inputs/datasets/animals/image/test/gorilla/11589-1634100188.png,gorilla,gorilla
inputs/datasets/animals/image/test/gorilla/11590-1634100189.png,gorilla,gorilla
inputs/datasets/animals/image/test/gorilla/11597-1634100196.png,gorilla,gorilla
inputs/datasets/animals/image/test/gorilla/11606-1634100205.png,gorilla,gorilla
inputs/datasets/animals/image/test/gorilla/11611-1634100210.png,gorilla,gorilla
inputs/datasets/animals/image/test/gorilla/11613-1634100212.png,gorilla,gorilla
inputs/datasets/animals/image/test/gorilla/11618-1634100217.png,gorilla,gorilla
inputs/datasets/animals/image/test/gorilla/11622-1634100221.png,gorilla,gorilla
inputs/datasets/animals/image/test/gorilla/11623-1634100222.png,gorilla,gorilla
inputs/datasets/animals/image/test/gorilla/11626-1634100225.png,gorilla,gorilla
inputs/datasets/animals/image/test/gorilla/11638-1634100237.png,gorilla,gorilla
inputs/datasets/animals/image/test/gorilla/11641-1634100240.png,gorilla,gorilla
inputs/datasets/animals/image/test/gorilla/11647-1634100246.png,gorilla,gorilla
inputs/datasets/animals/image/test/gorilla/11656-1634100255.png,gorilla,gorilla
inputs/datasets/animals/image/test/gorilla/11658-1634100257.png,gorilla,gorilla
inputs/datasets/animals/image/test/gorilla/11659-1634100258.png,gorilla,gorilla
inputs/datasets/animals/image/test/grasshopper/11673-2722266363.png,grasshopper,grasshopper
inputs/datasets/animals/image/test/grasshopper/11676-2722266366.png,grasshopper,grasshopper
inputs/datasets/animals/image/test/grasshopper/11677-2722266367.png,grasshopper,grasshopper
inputs/datasets/animals/image/test/grasshopper/11683-2722266373.png,grasshopper,grasshopper
inputs/datasets/animals/image/test/grasshopper/11687-2722266377.png,grasshopper,grasshopper
inputs/datasets/animals/image/test/grasshopper/11690-2722266380.png,grasshopper,grasshopper
inputs/datasets/animals/image/test/grasshopper/11700-2722266390.png,grasshopper,grasshopper
inputs/datasets/animals/image/test/grasshopper/11701-2722266391.png,grasshopper,grasshopper
inputs/datasets/animals/image/test/grasshopper/11706-2722266396.png,grasshopper,grasshopper
inputs/datasets/animals/image/test/grasshopper/11712-2722266402.png,grasshopper,grasshopper
inputs/datasets/animals/image/test/grasshopper/11718-2722266408.png,grasshopper,grasshopper
inputs/datasets/animals/image/test/grasshopper/11720-2722266410.png,grasshopper,grasshopper
inputs/datasets/animals/image/test/grasshopper/11721-2722266411.png,grasshopper,grasshopper
inputs/datasets/animals/image/test/grasshopper/11722-2722266412.png,grasshopper,grasshopper
inputs/datasets/animals/image/test/grasshopper/11735-2722266425.png,grasshopper,grasshopper
inputs/datasets/animals/image/test/grasshopper/11741-2722266431.png,grasshopper,grasshopper
inputs/datasets/animals/image/test/grasshopper/11743-2722266433.png,grasshopper,grasshopper
inputs/datasets/animals/image/test/grasshopper/11744-2722266434.png,grasshopper,grasshopper
inputs/datasets/animals/image/test/grasshopper/11747-2722266437.png,grasshopper,grasshopper
inputs/datasets/animals/image/test/grasshopper/11748-2722266438.png,grasshopper,grasshopper
inputs/datasets/animals/image/test/grasshopper/11754-2722266444.png,grasshopper,grasshopper
inputs/datasets/animals/image/test/grasshopper/11759-2722266449.png,grasshopper,grasshopper
inputs/datasets/animals/image/test/grasshopper/11765-2722266455.png,grasshopper,grasshopper
inputs/datasets/animals/image/test/grasshopper/11767-2722266457.png,grasshopper,grasshopper
inputs/datasets/animals/image/test/grasshopper/11773-2722266463.png,grasshopper,grasshopper
inputs/datasets/animals/image/test/grasshopper/11777-2722266467.png,grasshopper,grasshopper
inputs/datasets/animals/image/test/grasshopper/11779-2722266469.png,grasshopper,grasshopper
inputs/datasets/animals/image/test/grasshopper/11782-2722266472.png,grasshopper,grasshopper
inputs/datasets/animals/image/test/grasshopper/11786-2722266476.png,grasshopper,grasshopper
inputs/datasets/animals/image/test/grasshopper/11788-2722266478.png,grasshopper,grasshopper
inputs/datasets/animals/image/test/grasshopper/11793-2722266483.png,grasshopper,grasshopper
inputs/datasets/animals/image/test/grasshopper/11802-2722266492.png,grasshopper,grasshopper
inputs/datasets/animals/image/test/grasshopper/11803-2722266493.png,grasshopper,grasshopper
inputs/datasets/animals/image/test/grasshopper/11805-2722266495.png,grasshopper,grasshopper
inputs/datasets/animals/image/test/grasshopper/11824-2722266514.png,grasshopper,grasshopper
inputs/datasets/animals/image/test/grasshopper/11847-2722266537.png,grasshopper,grasshopper
inputs/datasets/animals/image/test/grasshopper/11850-2722266540.png,grasshopper,grasshopper
inputs/datasets/animals/image/test/grasshopper/11857-2722266547.png,grasshopper,grasshopper
inputs/datasets/animals/image/test/grasshopper/11862-2722266552.png,grasshopper,grasshopper
inputs/datasets/animals/image/test/grasshopper/11865-2722266555.png,grasshopper,grasshopper
inputs/datasets/animals/image/test/grasshopper/11867-2722266557.png,grasshopper,grasshopper
inputs/datasets/animals/image/test/grasshopper/11871-2722266561.png,grasshopper,grasshopper
inputs/datasets/animals/image/test/grasshopper/11872-2722266562.png,grasshopper,grasshopper
inputs/datasets/animals/image/test/grasshopper/11877-2722266567.png,grasshopper,grasshopper
inputs/datasets/animals/image/test/hawk/03894-2949003446.png,hawk,hawk
inputs/datasets/animals/image/test/hawk/03909-2949003461.png,hawk,hawk
inputs/datasets/animals/image/test/hawk/03913-2949003465.png,hawk,hawk
inputs/datasets/animals/image/test/hawk/03916-2949003468.png,hawk,hawk
inputs/datasets/animals/image/test/hawk/03928-2949003480.png,hawk,hawk
inputs/datasets/animals/image/test/hawk/03932-2949003484.png,hawk,hawk
inputs/datasets/animals/image/test/hawk/03938-2949003490.png,hawk,hawk
inputs/datasets/animals/image/test/hawk/03948-2949003500.png,hawk,hawk
inputs/datasets/animals/image/test/hawk/03951-2949003503.png,hawk,hawk
inputs/datasets/animals/image/test/hawk/03956-2949003508.png,hawk,hawk
inputs/datasets/animals/image/test/hawk/03959-2949003511.png,hawk,hawk
inputs/datasets/animals/image/test/hawk/03961-2949003513.png,hawk,hawk
inputs/datasets/animals/image/test/hawk/03963-2949003515.png,hawk,hawk
inputs/datasets/animals/image/test/hawk/03964-2949003516.png,hawk,hawk
inputs/datasets/animals/image/test/hawk/03973-2949003525.png,hawk,hawk
inputs/datasets/animals/image/test/hawk/03976-2949003528.png,hawk,hawk
inputs/datasets/animals/image/test/hawk/03980-2949003532.png,hawk,hawk
inputs/datasets/animals/image/test/hawk/03981-2949003533.png,hawk,hawk
inputs/datasets/animals/image/test/hawk/03982-2949003534.png,hawk,hawk
inputs/datasets/animals/image/test/hawk/03987-2949003539.png,hawk,hawk
inputs/datasets/animals/image/test/hawk/03988-2949003540.png,hawk,hawk
inputs/datasets/animals/image/test/hawk/03991-2949003543.png,hawk,hawk
inputs/datasets/animals/image/test/hawk/03992-2949003544.png,hawk,hawk
inputs/datasets/animals/image/test/hawk/03993-2949003545.png,hawk,hawk
inputs/datasets/animals/image/test/hawk/03998-2949003550.png,hawk,hawk
inputs/datasets/animals/image/test/hawk/04010-2949003562.png,hawk,hawk
inputs/datasets/animals/image/test/hawk/04015-2949003567.png,hawk,hawk
inputs/datasets/animals/image/test/hawk/04017-2949003569.png,hawk,hawk
inputs/datasets/animals/image/test/hawk/04030-2949003582.png,hawk,hawk
inputs/datasets/animals/image/test/hawk/04031-2949003583.png,hawk,falcon
inputs/datasets/animals/image/test/hawk/04033-2949003585.png,hawk,hawk
inputs/datasets/animals/image/test/hawk/04047-2949003599.png,hawk,hawk
inputs/datasets/animals/image/test/hawk/04048-2949003600.png,hawk,falcon
inputs/datasets/animals/image/test/hawk/04054-2949003606.png,hawk,hawk
inputs/datasets/animals/image/test/hawk/04056-2949003608.png,hawk,falcon
inputs/datasets/animals/image/test/hawk/04059-2949003611.png,hawk,hawk
inputs/datasets/animals/image/test/hawk/04064-2949003616.png,hawk,hawk
inputs/datasets/animals/image/test/hawk/04065-2949003617.png,hawk,hawk
inputs/datasets/animals/image/test/hawk/04077-2949003629.png,hawk,hawk
inputs/datasets/animals/image/test/hawk/04083-2949003635.png,hawk,hawk
inputs/datasets/animals/image/test/hawk/04084-2949003636.png,hawk,hawk
inputs/datasets/animals/image/test/hawk/04085-2949003637.png,hawk,hawk
inputs/datasets/animals/image/test/hawk/04090-2949003642.png,hawk,hawk
inputs/datasets/animals/image/test/hawk/04096-2949003648.png,hawk,hawk
inputs/datasets/animals/image/test/hedgehog/11880-2534410091.png,hedgehog,hedgehog
inputs/datasets/animals/image/test/hedgehog/11885-2534410096.png,hedgehog,hedgehog
inputs/datasets/animals/image/test/hedgehog/11887-2534410098.png,hedgehog,hedgehog
inputs/datasets/animals/image/test/hedgehog/11896-2534410107.png,hedgehog,hedgehog
inputs/datasets/animals/image/test/hedgehog/11911-2534410122.png,hedgehog,hedgehog
inputs/datasets/animals/image/test/hedgehog/11916-2534410127.png,hedgehog,hedgehog
inputs/datasets/animals/image/test/hedgehog/11924-2534410135.png,hedgehog,hedgehog
inputs/datasets/animals/image/test/hedgehog/11926-2534410137.png,hedgehog,hedgehog
inputs/datasets/animals/image/test/hedgehog/11927-2534410138.png,hedgehog,hedgehog
inputs/datasets/animals/image/test/hedgehog/11931-2534410142.png,hedgehog,hedgehog
inputs/datasets/animals/image/test/hedgehog/11938-2534410149.png,hedgehog,hedgehog
inputs/datasets/animals/image/test/hedgehog/11946-2534410157.png,hedgehog,hedgehog
inputs/datasets/animals/image/test/hedgehog/11953-2534410164.png,hedgehog,hedgehog
inputs/datasets/animals/image/test/hedgehog/11970-2534410181.png,hedgehog,hedgehog
inputs/datasets/animals/image/test/hedgehog/11979-2534410190.png,hedgehog,hedgehog
inputs/datasets/animals/image/test/hedgehog/11981-2534410192.png,hedgehog,hedgehog
inputs/datasets/animals/image/test/hedgehog/11990-2534410201.png,hedgehog,hedgehog
inputs/datasets/animals/image/test/hedgehog/11991-2534410202.png,hedgehog,hedgehog
inputs/datasets/animals/image/test/hedgehog/11993-2534410204.png,hedgehog,hedgehog
inputs/datasets/animals/image/test/hedgehog/12006-2534410217.png,hedgehog,hedgehog
inputs/datasets/animals/image/test/hedgehog/12009-2534410220.png,hedgehog,hedgehog
inputs/datasets/animals/image/test/hedgehog/12010-2534410221.png,hedgehog,hedgehog
inputs/datasets/animals/image/test/hedgehog/12011-2534410222.png,hedgehog,hedgehog
inputs/datasets/animals/image/test/hedgehog/12017-2534410228.png,hedgehog,hedgehog
inputs/datasets/animals/image/test/hedgehog/12019-2534410230.png,hedgehog,hedgehog
inputs/datasets/animals/image/test/hedgehog/12024-2534410235.png,hedgehog,hedgehog
inputs/datasets/animals/image/test/hedgehog/12027-2534410238.png,hedgehog,hedgehog
inputs/datasets/animals/image/test/hedgehog/12028-2534410239.png,hedgehog,hedgehog
inputs/datasets/animals/image/test/hedgehog/12031-2534410242.png,hedgehog,hedgehog
inputs/datasets/animals/image/test/hedgehog/12038-2534410249.png,hedgehog,hedgehog
inputs/datasets/animals/image/test/hedgehog/12041-2534410252.png,hedgehog,hedgehog
inputs/datasets/animals/image/test/hedgehog/12042-2534410253.png,hedgehog,hedgehog
inputs/datasets/animals/image/test/hedgehog/12043-2534410254.png,hedgehog,hedgehog
inputs/datasets/animals/image/test/hedgehog/12045-2534410256.png,hedgehog,hedgehog
inputs/datasets/animals/image/test/hedgehog/12047-2534410258.png,hedgehog,hedgehog
inputs/datasets/animals/image/test/hedgehog/12056-2534410267.png,hedgehog,hedgehog
inputs/datasets/animals/image/test/hedgehog/12057-2534410268.png,hedgehog,hedgehog
inputs/datasets/animals/image/test/hedgehog/12060-2534410271.png,hedgehog,hedgehog
inputs/datasets/animals/image/test/hedgehog/12071-2534410282.png,hedgehog,hedgehog
inputs/datasets/animals/image/test/hedgehog/12072-2534410283.png,hedgehog,hedgehog
inputs/datasets/animals/image/test/hedgehog/12080-2534410291.png,hedgehog,hedgehog
inputs/datasets/animals/image/test/hedgehog/12082-2534410293.png,hedgehog,hedgehog
inputs/datasets/animals/image/test/hedgehog/12086-2534410297.png,hedgehog,hedgehog
inputs/datasets/animals/image/test/hedgehog/12092-2534410303.png,hedgehog,hedgehog
inputs/datasets/animals/image/test/hippopotamus/12102-3531379434.png,hippopotamus,hippopotamus
inputs/datasets/animals/image/test/hippopotamus/12110-3531379442.png,hippopotamus,hippopotamus
inputs/datasets/animals/image/test/hippopotamus/12126-3531379458.png,hippopotamus,hippopotamus
inputs/datasets/animals/image/test/hippopotamus/12134-3531379466.png,hippopotamus,hippopotamus
inputs/datasets/animals/image/test/hippopotamus/12136-3531379468.png,hippopotamus,hippopotamus
inputs/datasets/animals/image/test/hippopotamus/12139-3531379471.png,hippopotamus,hippopotamus
inputs/datasets/animals/image/test/hippopotamus/12140-3531379472.png,hippopotamus,hippopotamus
inputs/datasets/animals/image/test/hippopotamus/12148-3531379480.png,hippopotamus,hippopotamus
inputs/datasets/animals/image/test/hippopotamus/12150-3531379482.png,hippopotamus,hippopotamus
inputs/datasets/animals/image/test/hippopotamus/12159-3531379491.png,hippopotamus,hippopotamus
inputs/datasets/animals/image/test/hippopotamus/12160-3531379492.png,hippopotamus,hippopotamus
inputs/datasets/animals/image/test/hippopotamus/12163-3531379495.png,hippopotamus,hippopotamus
inputs/datasets/animals/image/test/hippopotamus/12171-3531379503.png,hippopotamus,hippopotamus
inputs/datasets/animals/image/test/hippopotamus/12175-3531379507.png,hippopotamus,hippopotamus
inputs/datasets/animals/image/test/hippopotamus/12176-3531379508.png,hippopotamus,hippopotamus
inputs/datasets/animals/image/test/hippopotamus/12177-3531379509.png,hippopotamus,hippopotamus
inputs/datasets/animals/image/test/hippopotamus/12180-3531379512.png,hippopotamus,hippopotamus
inputs/datasets/animals/image/test/hippopotamus/12181-3531379513.png,hippopotamus,hippopotamus
inputs/datasets/animals/image/test/hippopotamus/12187-3531379519.png,hippopotamus,hippopotamus
inputs/datasets/animals/image/test/hippopotamus/12188-3531379520.png,hippopotamus,hippopotamus
inputs/datasets/animals/image/test/hippopotamus/12193-3531379525.png,hippopotamus,hippopotamus
inputs/datasets/animals/image/test/hippopotamus/12194-3531379526.png,hippopotamus,hippopotamus
inputs/datasets/animals/image/test/hippopotamus/12209-3531379541.png,hippopotamus,hippopotamus
inputs/datasets/animals/image/test/hippopotamus/12212-3531379544.png,hippopotamus,hippopotamus
inputs/datasets/animals/image/test/hippopotamus/12214-3531379546.png,hippopotamus,hippopotamus
inputs/datasets/animals/image/test/hippopotamus/12220-3531379552.png,hippopotamus,hippopotamus
inputs/datasets/animals/image/test/hippopotamus/12221-3531379553.png,hippopotamus,hippopotamus
inputs/datasets/animals/image/test/hippopotamus/12226-3531379558.png,hippopotamus,hippopotamus
inputs/datasets/animals/image/test/hippopotamus/12231-3531379563.png,hippopotamus,hippopotamus
inputs/datasets/animals/image/test/hippopotamus/12235-3531379567.png,hippopotamus,hippopotamus
inputs/datasets/animals/image/test/hippopotamus/12237-3531379569.png,hippopotamus,hippopotamus
inputs/datasets/animals/image/test/hippopotamus/12238-3531379570.png,hippopotamus,hippopotamus
inputs/datasets/animals/image/test/hippopotamus/12240-3531379572.png,hippopotamus,hippopotamus
inputs/datasets/animals/image/test/hippopotamus/12244-3531379576.png,hippopotamus,hippopotamus
inputs/datasets/animals/image/test/hippopotamus/12267-3531379599.png,hippopotamus,hippopotamus
inputs/datasets/animals/image/test/hippopotamus/12271-3531379603.png,hippopotamus,hippopotamus
inputs/datasets/animals/image/test/hippopotamus/12273-3531379605.png,hippopotamus,hippopotamus
inputs/datasets/animals/image/test/hippopotamus/12279-3531379611.png,hippopotamus,hippopotamus
inputs/datasets/animals/image/test/hippopotamus/12281-3531379613.png,hippopotamus,hippopotamus
inputs/datasets/animals/image/test/hippopotamus/12290-3531379622.png,hippopotamus,hippopotamus
inputs/datasets/animals/image/test/hippopotamus/12298-3531379630.png,hippopotamus,hippopotamus
inputs/datasets/animals/image/test/hippopotamus/12301-3531379633.png,hippopotamus,hippopotamus
inputs/datasets/animals/image/test/hippopotamus/12302-3531379634.png,hippopotamus,hippopotamus
inputs/datasets/animals/image/test/hippopotamus/12306-3531379638.png,hippopotamus,hippopotamus
inputs/datasets/animals/image/test/hyena/12313-1835592134.png,hyena,hyena
inputs/datasets/animals/image/test/hyena/12314-1835592135.png,hyena,hyena
inputs/datasets/animals/image/test/hyena/12315-1835592136.png,hyena,hyena
inputs/datasets/animals/image/test/hyena/12316-1835592137.png,hyena,hyena
inputs/datasets/animals/image/test/hyena/12318-1835592139.png,hyena,hyena
inputs/datasets/animals/image/test/hyena/12319-1835592140.png,hyena,hyena
inputs/datasets/animals/image/test/hyena/12320-1835592141.png,hyena,hyena
inputs/datasets/animals/image/test/hyena/12324-1835592145.png,hyena,hyena
inputs/datasets/animals/image/test/hyena/12335-1835592156.png,hyena,hyena
inputs/datasets/animals/image/test/hyena/12358-1835592179.png,hyena,hyena
inputs/datasets/animals/image/test/hyena/12362-1835592183.png,hyena,hyena
inputs/datasets/animals/image/test/hyena/12367-1835592188.png,hyena,hyena
inputs/datasets/animals/image/test/hyena/12369-1835592190.png,hyena,hyena
inputs/datasets/animals/image/test/hyena/12374-1835592195.png,hyena,hyena
inputs/datasets/animals/image/test/hyena/12378-1835592199.png,hyena,hyena
inputs/datasets/animals/image/test/hyena/12385-1835592206.png,hyena,hyena
inputs/datasets/animals/image/test/hyena/12387-1835592208.png,hyena,hyena
inputs/datasets/animals/image/test/hyena/12391-1835592212.png,hyena,hyena
inputs/datasets/animals/image/test/hyena/12396-1835592217.png,hyena,hyena
inputs/datasets/animals/image/test/hyena/12398-1835592219.png,hyena,hyena
inputs/datasets/animals/image/test/hyena/12406-1835592227.png,hyena,hyena
inputs/datasets/animals/image/test/hyena/12419-1835592240.png,hyena,hyena
inputs/datasets/animals/image/test/hyena/12421-1835592242.png,hyena,hyena
inputs/datasets/animals/image/test/hyena/12422-1835592243.png,hyena,hyena
inputs/datasets/animals/image/test/hyena/12424-1835592245.png,hyena,hyena
inputs/datasets/animals/image/test/hyena/12425-1835592246.png,hyena,hyena
inputs/datasets/animals/image/test/hyena/12448-1835592269.png,hyena,hyena
inputs/datasets/animals/image/test/hyena/12453-1835592274.png,hyena,hyena
inputs/datasets/animals/image/test/hyena/12462-1835592283.png,hyena,hyena
inputs/datasets/animals/image/test/hyena/12464-1835592285.png,hyena,hyena
inputs/datasets/animals/image/test/hyena/12466-1835592287.png,hyena,hyena
inputs/datasets/animals/image/test/hyena/12473-1835592294.png,hyena,hyena
inputs/datasets/animals/image/test/hyena/12474-1835592295.png,hyena,hyena
inputs/datasets/animals/image/test/hyena/12475-1835592296.png,hyena,hyena
inputs/datasets/animals/image/test/hyena/12478-1835592299.png,hyena,hyena
inputs/datasets/animals/image/test/hyena/12480-1835592301.png,hyena,hyena
inputs/datasets/animals/image/test/hyena/12483-1835592304.png,hyena,hyena
inputs/datasets/animals/image/test/hyena/12486-1835592307.png,hyena,hyena
inputs/datasets/animals/image/test/hyena/12488-1835592309.png,hyena,hyena
inputs/datasets/animals/image/test/hyena/12492-1835592313.png,hyena,hyena
inputs/datasets/animals/image/test/hyena/12502-1835592323.png,hyena,hyena
inputs/datasets/animals/image/test/hyena/12516-1835592337.png,hyena,hyena
inputs/datasets/animals/image/test/hyena/12523-1835592344.png,hyena,hyena
inputs/datasets/animals/image/test/hyena/12524-1835592345.png,hyena,hyena
inputs/datasets/animals/image/test/iguana/12532-271883983.png,iguana,iguana
inputs/datasets/animals/image/test/iguana/12539-271883990.png,iguana,iguana
inputs/datasets/animals/image/test/iguana/12543-271883994.png,iguana,iguana
inputs/datasets/animals/image/test/iguana/12545-271883996.png,iguana,iguana
inputs/datasets/animals/image/test/iguana/12548-271883999.png,iguana,iguana
inputs/datasets/animals/image/test/iguana/12556-271884007.png,iguana,iguana
inputs/datasets/animals/image/test/iguana/12557-271884008.png,iguana,iguana
inputs/datasets/animals/image/test/iguana/12563-271884014.png,iguana,iguana
inputs/datasets/animals/image/test/iguana/12564-271884015.png,iguana,iguana
inputs/datasets/animals/image/test/iguana/12568-271884019.png,iguana,iguana
inputs/datasets/animals/image/test/iguana/12573-271884024.png,iguana,iguana
inputs/datasets/animals/image/test/iguana/12575-271884026.png,iguana,iguana
inputs/datasets/animals/image/test/iguana/12579-271884030.png,iguana,iguana
inputs/datasets/animals/image/test/iguana/12590-271884041.png,iguana,iguana
inputs/datasets/animals/image/test/iguana/12594-271884045.png,iguana,iguana
inputs/datasets/animals/image/test/iguana/12599-271884050.png,iguana,iguana
inputs/datasets/animals/image/test/iguana/12606-271884057.png,iguana,iguana
inputs/datasets/animals/image/test/iguana/12609-271884060.png,iguana,iguana
inputs/datasets/animals/image/test/iguana/12612-271884063.png,iguana,iguana
inputs/datasets/animals/image/test/iguana/12613-271884064.png,iguana,iguana
inputs/datasets/animals/image/test/iguana/12614-271884065.png,iguana,iguana
inputs/datasets/animals/image/test/iguana/12617-271884068.png,iguana,iguana
inputs/datasets/animals/image/test/iguana/12626-271884077.png,iguana,iguana
inputs/datasets/animals/image/test/iguana/12629-271884080.png,iguana,iguana
inputs/datasets/animals/image/test/iguana/12630-271884081.png,iguana,iguana
inputs/datasets/animals/image/test/iguana/12636-271884087.png,iguana,iguana
inputs/datasets/animals/image/test/iguana/12645-271884096.png,iguana,iguana
inputs/datasets/animals/image/test/iguana/12648-271884099.png,iguana,iguana
inputs/datasets/animals/image/test/iguana/12649-271884100.png,iguana,iguana
inputs/datasets/animals/image/test/iguana/12654-271884105.png,iguana,iguana
inputs/datasets/animals/image/test/iguana/12659-271884110.png,iguana,iguana
inputs/datasets/animals/image/test/iguana/12676-271884127.png,iguana,iguana
inputs/datasets/animals/image/test/iguana/12679-271884130.png,iguana,iguana
inputs/datasets/animals/image/test/iguana/12687-271884138.png,iguana,iguana
inputs/datasets/animals/image/test/iguana/12693-271884144.png,iguana,iguana
inputs/datasets/animals/image/test/iguana/12697-271884148.png,iguana,iguana
inputs/datasets/animals/image/test/iguana/12700-271884151.png,iguana,iguana
inputs/datasets/animals/image/test/iguana/12704-271884155.png,iguana,iguana
inputs/datasets/animals/image/test/iguana/12706-271884157.png,iguana,iguana
inputs/datasets/animals/image/test/iguana/12710-271884161.png,iguana,iguana
inputs/datasets/animals/image/test/iguana/12711-271884162.png,iguana,iguana
inputs/datasets/animals/image/test/iguana/12715-271884166.png,iguana,iguana
inputs/datasets/animals/image/test/iguana/12728-271884179.png,iguana,iguana
inputs/datasets/animals/image/test/iguana/12729-271884180.png,iguana,iguana
inputs/datasets/animals/image/test/jaguar/12751-4272017796.png,jaguar,leopard
inputs/datasets/animals/image/test/jaguar/12754-4272017799.png,jaguar,leopard
inputs/datasets/animals/image/test/jaguar/12761-4272017806.png,jaguar,jaguar
inputs/datasets/animals/image/test/jaguar/12762-4272017807.png,jaguar,jaguar
inputs/datasets/animals/image/test/jaguar/12765-4272017810.png,jaguar,jaguar
inputs/datasets/animals/image/test/jaguar/12771-4272017816.png,jaguar,jaguar
inputs/datasets/animals/image/test/jaguar/12776-4272017821.png,jaguar,jaguar
inputs/datasets/animals/image/test/jaguar/12777-4272017822.png,jaguar,jaguar
inputs/datasets/animals/image/test/jaguar/12784-4272017829.png,jaguar,jaguar
inputs/datasets/animals/image/test/jaguar/12787-4272017832.png,jaguar,jaguar
inputs/datasets/animals/image/test/jaguar/12788-4272017833.png,jaguar,jaguar
inputs/datasets/animals/image/test/jaguar/12801-4272017846.png,jaguar,leopard
inputs/datasets/animals/image/test/jaguar/12808-4272017853.png,jaguar,jaguar
inputs/datasets/animals/image/test/jaguar/12809-4272017854.png,jaguar,jaguar
inputs/datasets/animals/image/test/jaguar/12818-4272017863.png,jaguar,jaguar
inputs/datasets/animals/image/test/jaguar/12820-4272017865.png,jaguar,jaguar
inputs/datasets/animals/image/test/jaguar/12823-4272017868.png,jaguar,jaguar
inputs/datasets/animals/image/test/jaguar/12853-4272017898.png,jaguar,jaguar
inputs/datasets/animals/image/test/jaguar/12860-4272017905.png,jaguar,jaguar
inputs/datasets/animals/image/test/jaguar/12863-4272017908.png,jaguar,jaguar
inputs/datasets/animals/image/test/jaguar/12865-4272017910.png,jaguar,jaguar
inputs/datasets/animals/image/test/jaguar/12872-4272017917.png,jaguar,jaguar
inputs/datasets/animals/image/test/jaguar/12873-4272017918.png,jaguar,jaguar
inputs/datasets/animals/image/test/jaguar/12878-4272017923.png,jaguar,jaguar
inputs/datasets/animals/image/test/jaguar/12882-4272017927.png,jaguar,jaguar
inputs/datasets/animals/image/test/jaguar/12889-4272017934.png,jaguar,jaguar
inputs/datasets/animals/image/test/jaguar/12898-4272017943.png,jaguar,jaguar
inputs/datasets/animals/image/test/jaguar/12905-4272017950.png,jaguar,jaguar
inputs/datasets/animals/image/test/jaguar/12907-4272017952.png,jaguar,jaguar
inputs/datasets/animals/image/test/jaguar/12908-4272017953.png,jaguar,jaguar
inputs/datasets/animals/image/test/jaguar/12922-4272017967.png,jaguar,jaguar
inputs/datasets/animals/image/test/jaguar/12936-4272017981.png,jaguar,jaguar
inputs/datasets/animals/image/test/jaguar/12940-4272017985.png,jaguar,jaguar
inputs/datasets/animals/image/test/jaguar/12942-4272017987.png,jaguar,jaguar
inputs/datasets/animals/image/test/jaguar/12948-4272017993.png,jaguar,jaguar
inputs/datasets/animals/image/test/jaguar/12951-4272017996.png,jaguar,jaguar
inputs/datasets/animals/image/test/jaguar/12955-4272018000.png,jaguar,leopard
inputs/datasets/animals/image/test/jaguar/12959-4272018004.png,jaguar,leopard
inputs/datasets/animals/image/test/kangaroo/04112-1514057407.png,kangaroo,kangaroo
inputs/datasets/animals/image/test/kangaroo/04113-1514057408.png,kangaroo,kangaroo
inputs/datasets/animals/image/test/kangaroo/04115-1514057410.png,kangaroo,kangaroo
inputs/datasets/animals/image/test/kangaroo/04117-1514057412.png,kangaroo,kangaroo
inputs/datasets/animals/image/test/kangaroo/04118-1514057413.png,kangaroo,kangaroo
inputs/datasets/animals/image/test/kangaroo/04119-1514057414.png,kangaroo,kangaroo
inputs/datasets/animals/image/test/kangaroo/04121-1514057416.png,kangaroo,kangaroo
inputs/datasets/animals/image/test/kangaroo/04129-1514057424.png,kangaroo,kangaroo
inputs/datasets/animals/image/test/kangaroo/04130-1514057425.png,kangaroo,kangaroo
inputs/datasets/animals/image/test/kangaroo/04155-1514057450.png,kangaroo,kangaroo
inputs/datasets/animals/image/test/kangaroo/04162-1514057457.png,kangaroo,kangaroo
inputs/datasets/animals/image/test/kangaroo/04164-1514057459.png,kangaroo,kangaroo
inputs/datasets/animals/image/test/kangaroo/04169-1514057464.png,kangaroo,kangaroo
inputs/datasets/animals/image/test/kangaroo/04171-1514057466.png,kangaroo,kangaroo
inputs/datasets/animals/image/test/kangaroo/04175-1514057470.png,kangaroo,kangaroo
inputs/datasets/animals/image/test/kangaroo/04179-1514057474.png,kangaroo,kangaroo
inputs/datasets/animals/image/test/kangaroo/04182-1514057477.png,kangaroo,kangaroo
inputs/datasets/animals/image/test/kangaroo/04188-1514057483.png,kangaroo,kangaroo
inputs/datasets/animals/image/test/kangaroo/04203-1514057498.png,kangaroo,kangaroo
inputs/datasets/animals/image/test/kangaroo/04204-1514057499.png,kangaroo,kangaroo
inputs/datasets/animals/image/test/kangaroo/04206-1514057501.png,kangaroo,kangaroo
inputs/datasets/animals/image/test/kangaroo/04207-1514057502.png,kangaroo,kangaroo
inputs/datasets/animals/image/test/kangaroo/04208-1514057503.png,kangaroo,kangaroo
inputs/datasets/animals/image/test/kangaroo/04211-1514057506.png,kangaroo,kangaroo
inputs/datasets/animals/image/test/kangaroo/04212-1514057507.png,kangaroo,kangaroo
inputs/datasets/animals/image/test/kangaroo/04215-1514057510.png,kangaroo,kangaroo
inputs/datasets/animals/image/test/kangaroo/04218-1514057513.png,kangaroo,kangaroo
inputs/datasets/animals/image/test/kangaroo/04221-1514057516.png,kangaroo,kangaroo
inputs/datasets/animals/image/test/kangaroo/04224-1514057519.png,kangaroo,kangaroo
inputs/datasets/animals/image/test/kangaroo/04232-1514057527.png,kangaroo,kangaroo
inputs/datasets/animals/image/test/kangaroo/04236-1514057531.png,kangaroo,kangaroo
inputs/datasets/animals/image/test/kangaroo/04249-1514057544.png,kangaroo,kangaroo
inputs/datasets/animals/image/test/kangaroo/04258-1514057553.png,kangaroo,kangaroo
inputs/datasets/animals/image/test/kangaroo/04260-1514057555.png,kangaroo,kangaroo
inputs/datasets/animals/image/test/kangaroo/04266-1514057561.png,kangaroo,kangaroo
inputs/datasets/animals/image/test/kangaroo/04277-1514057572.png,kangaroo,kangaroo
inputs/datasets/animals/image/test/kangaroo/04292-1514057587.png,kangaroo,kangaroo
inputs/datasets/animals/image/test/kangaroo/04296-1514057591.png,kangaroo,kangaroo
inputs/datasets/animals/image/test/kangaroo/04302-1514057597.png,kangaroo,kangaroo
inputs/datasets/animals/image/test/kangaroo/04307-1514057602.png,kangaroo,kangaroo
inputs/datasets/animals/image/test/kangaroo/04309-1514057604.png,kangaroo,kangaroo
inputs/datasets/animals/image/test/kangaroo/04312-1514057607.png,kangaroo,kangaroo
inputs/datasets/animals/image/test/kangaroo/04315-1514057610.png,kangaroo,kangaroo
inputs/datasets/animals/image/test/kangaroo/04319-1514057614.png,kangaroo,kangaroo
inputs/datasets/animals/image/test/koala/12965-701117620.png,koala,koala
inputs/datasets/animals/image/test/koala/12970-701117625.png,koala,koala
inputs/datasets/animals/image/test/koala/12971-701117626.png,koala,koala
inputs/datasets/animals/image/test/koala/12980-701117635.png,koala,koala
inputs/datasets/animals/image/test/koala/12993-701117648.png,koala,koala
inputs/datasets/animals/image/test/koala/13006-701117661.png,koala,koala
inputs/datasets/animals/image/test/koala/13009-701117664.png,koala,koala
inputs/datasets/animals/image/test/koala/13013-701117668.png,koala,koala
inputs/datasets/animals/image/test/koala/13016-701117671.png,koala,koala
inputs/datasets/animals/image/test/koala/13020-701117675.png,koala,koala
inputs/datasets/animals/image/test/koala/13021-701117676.png,koala,koala
inputs/datasets/animals/image/test/koala/13032-701117687.png,koala,koala
inputs/datasets/animals/image/test/koala/13037-701117692.png,koala,koala
inputs/datasets/animals/image/test/koala/13044-701117699.png,koala,koala
inputs/datasets/animals/image/test/koala/13046-701117701.png,koala,koala
inputs/datasets/animals/image/test/koala/13049-701117704.png,koala,koala
inputs/datasets/animals/image/test/koala/13052-701117707.png,koala,koala
inputs/datasets/animals/image/test/koala/13053-701117708.png,koala,koala
inputs/datasets/animals/image/test/koala/13058-701117713.png,koala,koala
inputs/datasets/animals/image/test/koala/13059-701117714.png,koala,koala
inputs/datasets/animals/image/test/koala/13060-701117715.png,koala,koala
inputs/datasets/animals/image/test/koala/13064-701117719.png,koala,koala
inputs/datasets/animals/image/test/koala/13069-701117724.png,koala,koala
inputs/datasets/animals/image/test/koala/13070-701117725.png,koala,koala
inputs/datasets/animals/image/test/koala/13071-701117726.png,koala,koala
inputs/datasets/animals/image/test/koala/13073-701117728.png,koala,koala
inputs/datasets/animals/image/test/koala/13074-701117729.png,koala,koala
inputs/datasets/animals/image/test/koala/13089-701117744.png,koala,koala
inputs/datasets/animals/image/test/koala/13091-701117746.png,koala,koala
inputs/datasets/animals/image/test/koala/13098-701117753.png,koala,koala
inputs/datasets/animals/image/test/koala/13100-701117755.png,koala,koala
inputs/datasets/animals/image/test/koala/13112-701117767.png,koala,koala
inputs/datasets/animals/image/test/koala/13121-701117776.png,koala,koala
inputs/datasets/animals/image/test/koala/13125-701117780.png,koala,koala
inputs/datasets/animals/image/test/koala/13130-701117785.png,koala,koala
inputs/datasets/animals/image/test/koala/13137-701117792.png,koala,koala
inputs/datasets/animals/image/test/koala/13146-701117801.png,koala,koala
inputs/datasets/animals/image/test/koala/13147-701117802.png,koala,koala
inputs/datasets/animals/image/test/koala/13153-701117808.png,koala,koala
inputs/datasets/animals/image/test/koala/13157-701117812.png,koala,koala
inputs/datasets/animals/image/test/koala/13158-701117813.png,koala,koala
inputs/datasets/animals/image/test/koala/13160-701117815.png,koala,koala
inputs/datasets/animals/image/test/koala/13166-701117821.png,koala,koala
inputs/datasets/animals/image/test/koala/13169-701117824.png,koala,koala
inputs/datasets/animals/image/test/lemur/13180-3901330705.png,lemur,lemur
inputs/datasets/animals/image/test/lemur/13187-3901330712.png,lemur,lemur
inputs/datasets/animals/image/test/lemur/13199-3901330724.png,lemur,lemur
inputs/datasets/animals/image/test/lemur/13207-3901330732.png,lemur,lemur
inputs/datasets/animals/image/test/lemur/13220-3901330745.png,lemur,lemur
inputs/datasets/animals/image/test/lemur/13225-3901330750.png,lemur,lemur
inputs/datasets/animals/image/test/lemur/13229-3901330754.png,lemur,lemur
inputs/datasets/animals/image/test/lemur/13233-3901330758.png,lemur,lemur
inputs/datasets/animals/image/test/lemur/13234-3901330759.png,lemur,lemur
inputs/datasets/animals/image/test/lemur/13241-3901330766.png,lemur,lemur
inputs/datasets/animals/image/test/lemur/13243-3901330768.png,lemur,lemur
inputs/datasets/animals/image/test/lemur/13246-3901330771.png,lemur,lemur
inputs/datasets/animals/image/test/lemur/13247-3901330772.png,lemur,lemur
inputs/datasets/animals/image/test/lemur/13250-3901330775.png,lemur,lemur
inputs/datasets/animals/image/test/lemur/13252-3901330777.png,lemur,lemur
inputs/datasets/animals/image/test/lemur/13259-3901330784.png,lemur,lemur
inputs/datasets/animals/image/test/lemur/13260-3901330785.png,lemur,lemur
inputs/datasets/animals/image/test/lemur/13264-3901330789.png,lemur,lemur
inputs/datasets/animals/image/test/lemur/13267-3901330792.png,lemur,lemur
inputs/datasets/animals/image/test/lemur/13271-3901330796.png,lemur,lemur
inputs/datasets/animals/image/test/lemur/13277-3901330802.png,lemur,lemur
inputs/datasets/animals/image/test/lemur/13278-3901330803.png,lemur,lemur
inputs/datasets/animals/image/test/lemur/13282-3901330807.png,lemur,lemur
inputs/datasets/animals/image/test/lemur/13284-3901330809.png,lemur,lemur
inputs/datasets/animals/image/test/lemur/13289-3901330814.png,lemur,lemur
inputs/datasets/animals/image/test/lemur/13315-3901330840.png,lemur,lemur
inputs/datasets/animals/image/test/lemur/13323-3901330848.png,lemur,lemur
inputs/datasets/animals/image/test/lemur/13329-3901330854.png,lemur,lemur
inputs/datasets/animals/image/test/lemur/13333-3901330858.png,lemur,lemur
inputs/datasets/animals/image/test/lemur/13337-3901330862.png,lemur,lemur
inputs/datasets/animals/image/test/lemur/13338-3901330863.png,lemur,lemur
inputs/datasets/animals/image/test/lemur/13347-3901330872.png,lemur,lemur
inputs/datasets/animals/image/test/lemur/13352-3901330877.png,lemur,lemur
inputs/datasets/animals/image/test/lemur/13353-3901330878.png,lemur,lemur
inputs/datasets/animals/image/test/lemur/13354-3901330879.png,lemur,lemur
inputs/datasets/animals/image/test/lemur/13362-3901330887.png,lemur,lemur
inputs/datasets/animals/image/test/lemur/13363-3901330888.png,lemur,lemur
inputs/datasets/animals/image/test/lemur/13365-3901330890.png,lemur,lemur
inputs/datasets/animals/image/test/lemur/13367-3901330892.png,lemur,lemur
inputs/datasets/animals/image/test/lemur/13370-3901330895.png,lemur,lemur
inputs/datasets/animals/image/test/lemur/13375-3901330900.png,lemur,lemur
inputs/datasets/animals/image/test/lemur/13381-3901330906.png,lemur,lemur
inputs/datasets/animals/image/test/lemur/13383-3901330908.png,lemur,lemur
inputs/datasets/animals/image/test/lemur/13391-3901330916.png,lemur,lemur
inputs/datasets/animals/image/test/leopard/04320-3141333096.png,leopard,leopard
inputs/datasets/animals/image/test/leopard/04325-3141333101.png,leopard,leopard
inputs/datasets/animals/image/test/leopard/04326-3141333102.png,leopard,leopard
inputs/datasets/animals/image/test/leopard/04327-3141333103.png,leopard,leopard
inputs/datasets/animals/image/test/leopard/04330-3141333106.png,leopard,leopard
inputs/datasets/animals/image/test/leopard/04333-3141333109.png,leopard,leopard
inputs/datasets/animals/image/test/leopard/04337-3141333113.png,leopard,leopard
inputs/datasets/animals/image/test/leopard/04340-3141333116.png,leopard,leopard
inputs/datasets/animals/image/test/leopard/04346-3141333122.png,leopard,leopard
inputs/datasets/animals/image/test/leopard/04348-3141333124.png,leopard,leopard
inputs/datasets/animals/image/test/leopard/04351-3141333127.png,leopard,leopard
inputs/datasets/animals/image/test/leopard/04358-3141333134.png,leopard,leopard
inputs/datasets/animals/image/test/leopard/04381-3141333157.png,leopard,leopard
inputs/datasets/animals/image/test/leopard/04383-3141333159.png,leopard,leopard
inputs/datasets/animals/image/test/leopard/04396-3141333172.png,leopard,leopard
inputs/datasets/animals/image/test/leopard/04397-3141333173.png,leopard,leopard
inputs/datasets/animals/image/test/leopard/04399-3141333175.png,leopard,leopard
inputs/datasets/animals/image/test/leopard/04400-3141333176.png,leopard,leopard
inputs/datasets/animals/image/test/leopard/04402-3141333178.png,leopard,leopard
inputs/datasets/animals/image/test/leopard/04404-3141333180.png,leopard,leopard
inputs/datasets/animals/image/test/leopard/04418-3141333194.png,leopard,leopard
inputs/datasets/animals/image/test/leopard/04420-3141333196.png,leopard,leopard
inputs/datasets/animals/image/test/leopard/04421-3141333197.png,leopard,leopard
inputs/datasets/animals/image/test/leopard/04424-3141333200.png,leopard,leopard
inputs/datasets/animals/image/test/leopard/04426-3141333202.png,leopard,leopard
inputs/datasets/animals/image/test/leopard/04427-3141333203.png,leopard,leopard
inputs/datasets/animals/image/test/leopard/04431-3141333207.png,leopard,leopard
inputs/datasets/animals/image/test/leopard/04438-3141333214.png,leopard,leopard
inputs/datasets/animals/image/test/leopard/04444-3141333220.png,leopard,leopard
inputs/datasets/animals/image/test/leopard/04449-3141333225.png,leopard,leopard
inputs/datasets/animals/image/test/leopard/04454-3141333230.png,leopard,leopard
inputs/datasets/animals/image/test/leopard/04462-3141333238.png,leopard,leopard
inputs/datasets/animals/image/test/leopard/04466-3141333242.png,leopard,leopard
inputs/datasets/animals/image/test/leopard/04467-3141333243.png,leopard,leopard
inputs/datasets/animals/image/test/leopard/04469-3141333245.png,leopard,leopard
inputs/datasets/animals/image/test/leopard/04473-3141333249.png,leopard,leopard
inputs/datasets/animals/image/test/leopard/04489-3141333265.png,leopard,jaguar
inputs/datasets/animals/image/test/leopard/04495-3141333271.png,leopard,leopard
inputs/datasets/animals/image/test/leopard/04511-3141333287.png,leopard,leopard
inputs/datasets/animals/image/test/leopard/04516-3141333292.png,leopard,leopard
inputs/datasets/animals/image/test/leopard/04518-3141333294.png,leopard,leopard
inputs/datasets/animals/image/test/leopard/04523-3141333299.png,leopard,leopard
inputs/datasets/animals/image/test/leopard/04525-3141333301.png,leopard,leopard
inputs/datasets/animals/image/test/leopard/04533-3141333309.png,leopard,leopard
inputs/datasets/animals/image/test/lizard/04539-1850700242.png,lizard,lizard
inputs/datasets/animals/image/test/lizard/04542-1850700245.png,lizard,lizard
inputs/datasets/animals/image/test/lizard/04561-1850700264.png,lizard,lizard
inputs/datasets/animals/image/test/lizard/04567-1850700270.png,lizard,lizard
inputs/datasets/animals/image/test/lizard/04568-1850700271.png,lizard,lizard
inputs/datasets/animals/image/test/lizard/04570-1850700273.png,lizard,lizard
inputs/datasets/animals/image/test/lizard/04573-1850700276.png,lizard,lizard
inputs/datasets/animals/image/test/lizard/04578-1850700281.png,lizard,lizard
inputs/datasets/animals/image/test/lizard/04584-1850700287.png,lizard,lizard
inputs/datasets/animals/image/test/lizard/04590-1850700293.png,lizard,lizard
inputs/datasets/animals/image/test/lizard/04596-1850700299.png,lizard,lizard
inputs/datasets/animals/image/test/lizard/04598-1850700301.png,lizard,lizard
inputs/datasets/animals/image/test/lizard/04612-1850700315.png,lizard,lizard
inputs/datasets/animals/image/test/lizard/04615-1850700318.png,lizard,iguana
inputs/datasets/animals/image/test/lizard/04620-1850700323.png,lizard,lizard
inputs/datasets/animals/image/test/lizard/04621-1850700324.png,lizard,lizard
inputs/datasets/animals/image/test/lizard/04622-1850700325.png,lizard,lizard
inputs/datasets/animals/image/test/lizard/04623-1850700326.png,lizard,lizard
inputs/datasets/animals/image/test/lizard/04626-1850700329.png,lizard,lizard
inputs/datasets/animals/image/test/lizard/04627-1850700330.png,lizard,lizard
inputs/datasets/animals/image/test/lizard/04633-1850700336.png,lizard,lizard
inputs/datasets/animals/image/test/lizard/04636-1850700339.png,lizard,lizard
inputs/datasets/animals/image/test/lizard/04645-1850700348.png,lizard,iguana
inputs/datasets/animals/image/test/lizard/04648-1850700351.png,lizard,lizard
inputs/datasets/animals/image/test/lizard/04652-1850700355.png,lizard,lizard
inputs/datasets/animals/image/test/lizard/04659-1850700362.png,lizard,lizard
inputs/datasets/animals/image/test/lizard/04666-1850700369.png,lizard,lizard
inputs/datasets/animals/image/test/lizard/04667-1850700370.png,lizard,lizard
inputs/datasets/animals/image/test/lizard/04672-1850700375.png,lizard,lizard
inputs/datasets/animals/image/test/lizard/04684-1850700387.png,lizard,lizard
inputs/datasets/animals/image/test/lizard/04685-1850700388.png,lizard,lizard
inputs/datasets/animals/image/test/lizard/04688-1850700391.png,lizard,lizard
inputs/datasets/animals/image/test/lizard/04689-1850700392.png,lizard,lizard
inputs/datasets/animals/image/test/lizard/04694-1850700397.png,lizard,lizard
inputs/datasets/animals/image/test/lizard/04702-1850700405.png,lizard,lizard
inputs/datasets/animals/image/test/lizard/04703-1850700406.png,lizard,lizard
inputs/datasets/animals/image/test/lizard/04710-1850700413.png,lizard,lizard
inputs/datasets/animals/image/test/lizard/04717-1850700420.png,lizard,lizard
inputs/datasets/animals/image/test/lizard/04718-1850700421.png,lizard,lizard
inputs/datasets/animals/image/test/lizard/04723-1850700426.png,lizard,lizard
inputs/datasets/animals/image/test/lizard/04724-1850700427.png,lizard,lizard
inputs/datasets/animals/image/test/lizard/04725-1850700428.png,lizard,lizard
inputs/datasets/animals/image/test/lizard/04729-1850700432.png,lizard,lizard
inputs/datasets/animals/image/test/lizard/04745-1850700448.png,lizard,lizard
inputs/datasets/animals/image/test/lynx/13392-3577316448.png,lynx,lynx
inputs/datasets/animals/image/test/lynx/13393-3577316449.png,lynx,lynx
inputs/datasets/animals/image/test/lynx/13406-3577316462.png,lynx,lynx
inputs/datasets/animals/image/test/lynx/13420-3577316476.png,lynx,lynx
inputs/datasets/animals/image/test/lynx/13421-3577316477.png,lynx,lynx
inputs/datasets/animals/image/test/lynx/13423-3577316479.png,lynx,lynx
inputs/datasets/animals/image/test/lynx/13424-3577316480.png,lynx,lynx
inputs/datasets/animals/image/test/lynx/13431-3577316487.png,lynx,lynx
inputs/datasets/animals/image/test/lynx/13435-3577316491.png,lynx,lynx
inputs/datasets/animals/image/test/lynx/13445-3577316501.png,lynx,lynx
inputs/datasets/animals/image/test/lynx/13450-3577316506.png,lynx,lynx
inputs/datasets/animals/image/test/lynx/13458-3577316514.png,lynx,lynx
inputs/datasets/animals/image/test/lynx/13468-3577316524.png,lynx,lynx
inputs/datasets/animals/image/test/lynx/13473-3577316529.png,lynx,lynx
inputs/datasets/animals/image/test/lynx/13474-3577316530.png,lynx,lynx
inputs/datasets/animals/image/test/lynx/13481-3577316537.png,lynx,lynx
inputs/datasets/animals/image/test/lynx/13498-3577316554.png,lynx,lynx
inputs/datasets/animals/image/test/lynx/13501-3577316557.png,lynx,lynx
inputs/datasets/animals/image/test/lynx/13504-3577316560.png,lynx,lynx
inputs/datasets/animals/image/test/lynx/13505-3577316561.png,lynx,lynx
inputs/datasets/animals/image/test/lynx/13509-3577316565.png,lynx,lynx
inputs/datasets/animals/image/test/lynx/13514-3577316570.png,lynx,lynx
inputs/datasets/animals/image/test/lynx/13518-3577316574.png,lynx,lynx
inputs/datasets/animals/image/test/lynx/13520-3577316576.png,lynx,lynx
inputs/datasets/animals/image/test/lynx/13531-3577316587.png,lynx,lynx
inputs/datasets/animals/image/test/lynx/13532-3577316588.png,lynx,lynx
inputs/datasets/animals/image/test/lynx/13535-3577316591.png,lynx,lynx
inputs/datasets/animals/image/test/lynx/13546-3577316602.png,lynx,lynx
inputs/datasets/animals/image/test/lynx/13547-3577316603.png,lynx,lynx
inputs/datasets/animals/image/test/lynx/13554-3577316610.png,lynx,lynx
inputs/datasets/animals/image/test/lynx/13562-3577316618.png,lynx,lynx
inputs/datasets/animals/image/test/lynx/13567-3577316623.png,lynx,lynx
inputs/datasets/animals/image/test/lynx/13571-3577316627.png,lynx,lynx
inputs/datasets/animals/image/test/lynx/13576-3577316632.png,lynx,lynx
inputs/datasets/animals/image/test/lynx/13580-3577316636.png,lynx,lynx
inputs/datasets/animals/image/test/lynx/13582-3577316638.png,lynx,lynx
inputs/datasets/animals/image/test/lynx/13583-3577316639.png,lynx,lynx
inputs/datasets/animals/image/test/lynx/13584-3577316640.png,lynx,lynx
inputs/datasets/animals/image/test/lynx/13585-3577316641.png,lynx,lynx
inputs/datasets/animals/image/test/lynx/13587-3577316643.png,lynx,lynx
inputs/datasets/animals/image/test/lynx/13595-3577316651.png,lynx,lynx
inputs/datasets/animals/image/test/lynx/13599-3577316655.png,lynx,lynx
inputs/datasets/animals/image/test/lynx/13604-3577316660.png,lynx,lynx
inputs/datasets/animals/image/test/lynx/13605-3577316661.png,lynx,lynx
inputs/datasets/animals/image/test/mole/13608-946395644.png,mole,mole
inputs/datasets/animals/image/test/mole/13610-946395646.png,mole,mole
inputs/datasets/animals/image/test/mole/13614-946395650.png,mole,mole
inputs/datasets/animals/image/test/mole/13634-946395670.png,mole,mole
inputs/datasets/animals/image/test/mole/13637-946395673.png,mole,mole
inputs/datasets/animals/image/test/mole/13644-946395680.png,mole,mole
inputs/datasets/animals/image/test/mole/13647-946395683.png,mole,mole
inputs/datasets/animals/image/test/mole/13649-946395685.png,mole,mole
inputs/datasets/animals/image/test/mole/13651-946395687.png,mole,mole
inputs/datasets/animals/image/test/mole/13654-946395690.png,mole,mole
inputs/datasets/animals/image/test/mole/13659-946395695.png,mole,mole
inputs/datasets/animals/image/test/mole/13670-946395706.png,mole,mole
inputs/datasets/animals/image/test/mole/13672-946395708.png,mole,mole
inputs/datasets/animals/image/test/mole/13678-946395714.png,mole,mole
inputs/datasets/animals/image/test/mole/13679-946395715.png,mole,mole
inputs/datasets/animals/image/test/mole/13681-946395717.png,mole,mole
inputs/datasets/animals/image/test/mole/13694-946395730.png,mole,mole
inputs/datasets/animals/image/test/mole/13695-946395731.png,mole,mole
inputs/datasets/animals/image/test/mole/13697-946395733.png,mole,mole
inputs/datasets/animals/image/test/mole/13699-946395735.png,mole,mole
inputs/datasets/animals/image/test/mole/13709-946395745.png,mole,mole
inputs/datasets/animals/image/test/mole/13712-946395748.png,mole,mole
inputs/datasets/animals/image/test/mole/13717-946395753.png,mole,mole
inputs/datasets/animals/image/test/mole/13722-946395758.png,mole,mole
inputs/datasets/animals/image/test/mole/13723-946395759.png,mole,mole
inputs/datasets/animals/image/test/mole/13735-946395771.png,mole,mole
inputs/datasets/animals/image/test/mole/13737-946395773.png,mole,mole
inputs/datasets/animals/image/test/mole/13739-946395775.png,mole,mole
inputs/datasets/animals/image/test/mole/13752-946395788.png,mole,mole
inputs/datasets/animals/image/test/mole/13774-946395810.png,mole,mole
inputs/datasets/animals/image/test/mole/13780-946395816.png,mole,mole
inputs/datasets/animals/image/test/mole/13787-946395823.png,mole,mole
inputs/datasets/animals/image/test/mole/13793-946395829.png,mole,mole
inputs/datasets/animals/image/test/mole/13801-946395837.png,mole,mole
inputs/datasets/animals/image/test/mole/13810-946395846.png,mole,mole
inputs/datasets/animals/image/test/mole/13815-946395851.png,mole,mole
inputs/datasets/animals/image/test/mongoose/13825-2677052511.png,mongoose,mongoose
inputs/datasets/animals/image/test/mongoose/13833-2677052519.png,mongoose,mongoose
inputs/datasets/animals/image/test/mongoose/13837-2677052523.png,mongoose,mongoose
inputs/datasets/animals/image/test/mongoose/13842-2677052528.png,mongoose,mongoose
inputs/datasets/animals/image/test/mongoose/13849-2677052535.png,mongoose,mongoose
inputs/datasets/animals/image/test/mongoose/13851-2677052537.png,mongoose,mongoose
inputs/datasets/animals/image/test/mongoose/13854-2677052540.png,mongoose,mongoose
inputs/datasets/animals/image/test/mongoose/13861-2677052547.png,mongoose,mongoose
inputs/datasets/animals/image/test/mongoose/13863-2677052549.png,mongoose,mongoose
inputs/datasets/animals/image/test/mongoose/13866-2677052552.png,mongoose,mongoose
inputs/datasets/animals/image/test/mongoose/13867-2677052553.png,mongoose,mongoose
inputs/datasets/animals/image/test/mongoose/13868-2677052554.png,mongoose,mongoose
inputs/datasets/animals/image/test/mongoose/13874-2677052560.png,mongoose,mongoose
inputs/datasets/animals/image/test/mongoose/13884-2677052570.png,mongoose,mongoose
inputs/datasets/animals/image/test/mongoose/13887-2677052573.png,mongoose,mongoose
inputs/datasets/animals/image/test/mongoose/13905-2677052591.png,mongoose,mongoose
inputs/datasets/animals/image/test/mongoose/13918-2677052604.png,mongoose,mongoose
inputs/datasets/animals/image/test/mongoose/13924-2677052610.png,mongoose,mongoose
inputs/datasets/animals/image/test/mongoose/13928-2677052614.png,mongoose,mongoose
inputs/datasets/animals/image/test/mongoose/13930-2677052616.png,mongoose,mongoose
inputs/datasets/animals/image/test/mongoose/13935-2677052621.png,mongoose,mongoose
inputs/datasets/animals/image/test/mongoose/13937-2677052623.png,mongoose,mongoose
inputs/datasets/animals/image/test/mongoose/13947-2677052633.png,mongoose,mongoose
inputs/datasets/animals/image/test/mongoose/13955-2677052641.png,mongoose,mongoose
inputs/datasets/animals/image/test/mongoose/13958-2677052644.png,mongoose,mongoose
inputs/datasets/animals/image/test/mongoose/13960-2677052646.png,mongoose,mongoose
inputs/datasets/animals/image/test/mongoose/13971-2677052657.png,mongoose,mongoose
inputs/datasets/animals/image/test/mongoose/13975-2677052661.png,mongoose,mongoose
inputs/datasets/animals/image/test/mongoose/13980-2677052666.png,mongoose,mongoose
inputs/datasets/animals/image/test/mongoose/13982-2677052668.png,mongoose,mongoose
inputs/datasets/animals/image/test/mongoose/13983-2677052669.png,mongoose,mongoose
inputs/datasets/animals/image/test/mongoose/13988-2677052674.png,mongoose,mongoose
inputs/datasets/animals/image/test/mongoose/13996-2677052682.png,mongoose,mongoose
inputs/datasets/animals/image/test/mongoose/13997-2677052683.png,mongoose,mongoose
inputs/datasets/animals/image/test/mongoose/14001-2677052687.png,mongoose,mongoose
inputs/datasets/animals/image/test/mongoose/14005-2677052691.png,mongoose,mongoose
inputs/datasets/animals/image/test/mongoose/14010-2677052696.png,mongoose,mongoose
inputs/datasets/animals/image/test/mongoose/14016-2677052702.png,mongoose,mongoose
inputs/datasets/animals/image/test/mongoose/14019-2677052705.png,mongoose,mongoose
inputs/datasets/animals/image/test/mongoose/14020-2677052706.png,mongoose,mongoose
inputs/datasets/animals/image/test/mongoose/14024-2677052710.png,mongoose,mongoose
inputs/datasets/animals/image/test/mongoose/14026-2677052712.png,mongoose,mongoose
inputs/datasets/animals/image/test/mongoose/14034-2677052720.png,mongoose,mongoose
inputs/datasets/animals/image/test/mongoose/14037-2677052723.png,mongoose,mongoose
inputs/datasets/animals/image/test/ostrich/04762-3023892757.png,ostrich,ostrich
inputs/datasets/animals/image/test/ostrich/04773-3023892768.png,ostrich,ostrich
inputs/datasets/animals/image/test/ostrich/04778-3023892773.png,ostrich,ostrich
inputs/datasets/animals/image/test/ostrich/04779-3023892774.png,ostrich,ostrich
inputs/datasets/animals/image/test/ostrich/04784-3023892779.png,ostrich,ostrich
inputs/datasets/animals/image/test/ostrich/04788-3023892783.png,ostrich,ostrich
inputs/datasets/animals/image/test/ostrich/04794-3023892789.png,ostrich,ostrich
inputs/datasets/animals/image/test/ostrich/04796-3023892791.png,ostrich,ostrich
inputs/datasets/animals/image/test/ostrich/04799-3023892794.png,ostrich,ostrich
inputs/datasets/animals/image/test/ostrich/04803-3023892798.png,ostrich,ostrich
inputs/datasets/animals/image/test/ostrich/04805-3023892800.png,ostrich,ostrich
inputs/datasets/animals/image/test/ostrich/04807-3023892802.png,ostrich,ostrich
inputs/datasets/animals/image/test/ostrich/04810-3023892805.png,ostrich,ostrich
inputs/datasets/animals/image/test/ostrich/04811-3023892806.png,ostrich,ostrich
inputs/datasets/animals/image/test/ostrich/04814-3023892809.png,ostrich,ostrich
inputs/datasets/animals/image/test/ostrich/04823-3023892818.png,ostrich,ostrich
inputs/datasets/animals/image/test/ostrich/04824-3023892819.png,ostrich,ostrich
inputs/datasets/animals/image/test/ostrich/04825-3023892820.png,ostrich,ostrich
inputs/datasets/animals/image/test/ostrich/04826-3023892821.png,ostrich,ostrich
inputs/datasets/animals/image/test/ostrich/04827-3023892822.png,ostrich,ostrich
inputs/datasets/animals/image/test/ostrich/04830-3023892825.png,ostrich,ostrich
inputs/datasets/animals/image/test/ostrich/04832-3023892827.png,ostrich,ostrich
inputs/datasets/animals/image/test/ostrich/04833-3023892828.png,ostrich,ostrich
inputs/datasets/animals/image/test/ostrich/04839-3023892834.png,ostrich,ostrich
inputs/datasets/animals/image/test/ostrich/04847-3023892842.png,ostrich,ostrich
inputs/datasets/animals/image/test/ostrich/04855-3023892850.png,ostrich,ostrich
inputs/datasets/animals/image/test/ostrich/04857-3023892852.png,ostrich,ostrich
inputs/datasets/animals/image/test/ostrich/04858-3023892853.png,ostrich,ostrich
inputs/datasets/animals/image/test/ostrich/04859-3023892854.png,ostrich,ostrich
inputs/datasets/animals/image/test/ostrich/04860-3023892855.png,ostrich,ostrich
inputs/datasets/animals/image/test/ostrich/04873-3023892868.png,ostrich,ostrich
inputs/datasets/animals/image/test/ostrich/04874-3023892869.png,ostrich,ostrich
inputs/datasets/animals/image/test/ostrich/04889-3023892884.png,ostrich,ostrich
inputs/datasets/animals/image/test/ostrich/04891-3023892886.png,ostrich,ostrich
inputs/datasets/animals/image/test/ostrich/04893-3023892888.png,ostrich,ostrich
inputs/datasets/animals/image/test/ostrich/04895-3023892890.png,ostrich,ostrich
inputs/datasets/animals/image/test/ostrich/04908-3023892903.png,ostrich,ostrich
inputs/datasets/animals/image/test/ostrich/04912-3023892907.png,ostrich,ostrich
inputs/datasets/animals/image/test/ostrich/04915-3023892910.png,ostrich,ostrich
inputs/datasets/animals/image/test/ostrich/04925-3023892920.png,ostrich,ostrich
inputs/datasets/animals/image/test/ostrich/04927-3023892922.png,ostrich,ostrich
inputs/datasets/animals/image/test/ostrich/04931-3023892926.png,ostrich,ostrich
inputs/datasets/animals/image/test/ostrich/04944-3023892939.png,ostrich,ostrich
inputs/datasets/animals/image/test/ostrich/04956-3023892951.png,ostrich,ostrich
inputs/datasets/animals/image/test/otter/14265-2686505974.png,otter,otter
inputs/datasets/animals/image/test/otter/14281-2686505990.png,otter,otter
inputs/datasets/animals/image/test/otter/14282-2686505991.png,otter,otter
inputs/datasets/animals/image/test/otter/14295-2686506004.png,otter,otter
inputs/datasets/animals/image/test/otter/14299-2686506008.png,otter,otter
inputs/datasets/animals/image/test/otter/14303-2686506012.png,otter,otter
inputs/datasets/animals/image/test/otter/14308-2686506017.png,otter,otter
inputs/datasets/animals/image/test/otter/14329-2686506038.png,otter,otter
inputs/datasets/animals/image/test/otter/14333-2686506042.png,otter,otter
inputs/datasets/animals/image/test/otter/14337-2686506046.png,otter,otter
inputs/datasets/animals/image/test/otter/14345-2686506054.png,otter,otter
inputs/datasets/animals/image/test/otter/14346-2686506055.png,otter,otter
inputs/datasets/animals/image/test/otter/14353-2686506062.png,otter,otter
inputs/datasets/animals/image/test/otter/14356-2686506065.png,otter,otter
inputs/datasets/animals/image/test/otter/14359-2686506068.png,otter,otter
inputs/datasets/animals/image/test/otter/14360-2686506069.png,otter,otter
inputs/datasets/animals/image/test/otter/14361-2686506070.png,otter,otter
inputs/datasets/animals/image/test/otter/14362-2686506071.png,otter,otter
inputs/datasets/animals/image/test/otter/14363-2686506072.png,otter,otter
inputs/datasets/animals/image/test/otter/14367-2686506076.png,otter,otter
inputs/datasets/animals/image/test/otter/14370-2686506079.png,otter,otter
inputs/datasets/animals/image/test/otter/14373-2686506082.png,otter,otter
inputs/datasets/animals/image/test/otter/14374-2686506083.png,otter,otter
inputs/datasets/animals/image/test/otter/14379-2686506088.png,otter,otter
inputs/datasets/animals/image/test/otter/14387-2686506096.png,otter,otter
inputs/datasets/animals/image/test/otter/14388-2686506097.png,otter,otter
inputs/datasets/animals/image/test/otter/14396-2686506105.png,otter,otter
inputs/datasets/animals/image/test/otter/14404-2686506113.png,otter,otter
inputs/datasets/animals/image/test/otter/14410-2686506119.png,otter,otter
inputs/datasets/animals/image/test/otter/14417-2686506126.png,otter,otter
inputs/datasets/animals/image/test/otter/14420-2686506129.png,otter,otter
inputs/datasets/animals/image/test/otter/14422-2686506131.png,otter,otter
inputs/datasets/animals/image/test/otter/14425-2686506134.png,otter,otter
inputs/datasets/animals/image/test/otter/14430-2686506139.png,otter,otter
inputs/datasets/animals/image/test/otter/14439-2686506148.png,otter,otter
inputs/datasets/animals/image/test/otter/14441-2686506150.png,otter,otter
inputs/datasets/animals/image/test/otter/14444-2686506153.png,otter,otter
inputs/datasets/animals/image/test/otter/14445-2686506154.png,otter,otter
inputs/datasets/animals/image/test/otter/14458-2686506167.png,otter,otter
inputs/datasets/animals/image/test/otter/14460-2686506169.png,otter,otter
inputs/datasets/animals/image/test/otter/14461-2686506170.png,otter,otter
inputs/datasets/animals/image/test/otter/14465-2686506174.png,otter,otter
inputs/datasets/animals/image/test/otter/14469-2686506178.png,otter,otter
inputs/datasets/animals/image/test/otter/14471-2686506180.png,otter,otter
inputs/datasets/animals/image/test/owl/04970-2752396257.png,owl,owl
inputs/datasets/animals/image/test/owl/04974-2752396261.png,owl,owl
inputs/datasets/animals/image/test/owl/04993-2752396280.png,owl,owl
inputs/datasets/animals/image/test/owl/04995-2752396282.png,owl,owl
inputs/datasets/animals/image/test/owl/05002-2752396289.png,owl,owl
inputs/datasets/animals/image/test/owl/05005-2752396292.png,owl,owl
inputs/datasets/animals/image/test/owl/05010-2752396297.png,owl,owl
inputs/datasets/animals/image/test/owl/05013-2752396300.png,owl,owl
inputs/datasets/animals/image/test/owl/05014-2752396301.png,owl,owl
inputs/datasets/animals/image/test/owl/05021-2752396308.png,owl,owl
inputs/datasets/animals/image/test/owl/05022-2752396309.png,owl,owl
inputs/datasets/animals/image/test/owl/05025-2752396312.png,owl,owl
inputs/datasets/animals/image/test/owl/05032-2752396319.png,owl,owl
inputs/datasets/animals/image/test/owl/05035-2752396322.png,owl,owl
inputs/datasets/animals/image/test/owl/05038-2752396325.png,owl,owl
inputs/datasets/animals/image/test/owl/05041-2752396328.png,owl,owl
inputs/datasets/animals/image/test/owl/05043-2752396330.png,owl,owl
inputs/datasets/animals/image/test/owl/05048-2752396335.png,owl,owl
inputs/datasets/animals/image/test/owl/05055-2752396342.png,owl,owl
inputs/datasets/animals/image/test/owl/05060-2752396347.png,owl,owl
inputs/datasets/animals/image/test/owl/05062-2752396349.png,owl,owl
inputs/datasets/animals/image/test/owl/05064-2752396351.png,owl,owl
inputs/datasets/animals/image/test/owl/05065-2752396352.png,owl,owl
inputs/datasets/animals/image/test/owl/05066-2752396353.png,owl,owl
inputs/datasets/animals/image/test/owl/05090-2752396377.png,owl,owl
inputs/datasets/animals/image/test/owl/05100-2752396387.png,owl,owl
inputs/datasets/animals/image/test/owl/05101-2752396388.png,owl,owl
inputs/datasets/animals/image/test/owl/05103-2752396390.png,owl,owl
inputs/datasets/animals/image/test/owl/05113-2752396400.png,owl,owl
inputs/datasets/animals/image/test/owl/05116-2752396403.png,owl,owl
inputs/datasets/animals/image/test/owl/05120-2752396407.png,owl,owl
inputs/datasets/animals/image/test/owl/05125-2752396412.png,owl,owl
inputs/datasets/animals/image/test/owl/05132-2752396419.png,owl,owl
inputs/datasets/animals/image/test/owl/05133-2752396420.png,owl,owl
inputs/datasets/animals/image/test/owl/05136-2752396423.png,owl,owl
inputs/datasets/animals/image/test/owl/05137-2752396424.png,owl,owl
inputs/datasets/animals/image/test/owl/05138-2752396425.png,owl,owl
inputs/datasets/animals/image/test/owl/05147-2752396434.png,owl,owl
inputs/datasets/animals/image/test/owl/05148-2752396435.png,owl,owl
inputs/datasets/animals/image/test/owl/05153-2752396440.png,owl,owl
inputs/datasets/animals/image/test/owl/05162-2752396449.png,owl,owl
inputs/datasets/animals/image/test/owl/05164-2752396451.png,owl,owl
inputs/datasets/animals/image/test/owl/05167-2752396454.png,owl,owl
inputs/datasets/animals/image/test/owl/05173-2752396460.png,owl,owl
inputs/datasets/animals/image/test/panda/05192-3598327281.png,panda,panda
inputs/datasets/animals/image/test/panda/05193-3598327282.png,panda,panda
inputs/datasets/animals/image/test/panda/05194-3598327283.png,panda,panda
inputs/datasets/animals/image/test/panda/05196-3598327285.png,panda,panda
inputs/datasets/animals/image/test/panda/05199-3598327288.png,panda,panda
inputs/datasets/animals/image/test/panda/05202-3598327291.png,panda,seal
inputs/datasets/animals/image/test/panda/05205-3598327294.png,panda,panda
inputs/datasets/animals/image/test/panda/05214-3598327303.png,panda,panda
inputs/datasets/animals/image/test/panda/05215-3598327304.png,panda,panda
inputs/datasets/animals/image/test/panda/05220-3598327309.png,panda,panda
inputs/datasets/animals/image/test/panda/05229-3598327318.png,panda,panda
inputs/datasets/animals/image/test/panda/05235-3598327324.png,panda,panda
inputs/datasets/animals/image/test/panda/05241-3598327330.png,panda,panda
inputs/datasets/animals/image/test/panda/05250-3598327339.png,panda,panda
inputs/datasets/animals/image/test/panda/05258-3598327347.png,panda,panda
inputs/datasets/animals/image/test/panda/05260-3598327349.png,panda,panda
inputs/datasets/animals/image/test/panda/05264-3598327353.png,panda,panda
inputs/datasets/animals/image/test/panda/05265-3598327354.png,panda,panda
inputs/datasets/animals/image/test/panda/05267-3598327356.png,panda,panda
inputs/datasets/animals/image/test/panda/05269-3598327358.png,panda,panda
inputs/datasets/animals/image/test/panda/05274-3598327363.png,panda,panda
inputs/datasets/animals/image/test/panda/05304-3598327393.png,panda,panda
inputs/datasets/animals/image/test/panda/05308-3598327397.png,panda,panda
inputs/datasets/animals/image/test/panda/05314-3598327403.png,panda,panda
inputs/datasets/animals/image/test/panda/05316-3598327405.png,panda,panda
inputs/datasets/animals/image/test/panda/05319-3598327408.png,panda,panda
inputs/datasets/animals/image/test/panda/05324-3598327413.png,panda,panda
inputs/datasets/animals/image/test/panda/05325-3598327414.png,panda,panda
inputs/datasets/animals/image/test/panda/05327-3598327416.png,panda,panda
inputs/datasets/animals/image/test/panda/05334-3598327423.png,panda,panda
inputs/datasets/animals/image/test/panda/05352-3598327441.png,panda,panda
inputs/datasets/animals/image/test/panda/05354-3598327443.png,panda,panda
inputs/datasets/animals/image/test/panda/05356-3598327445.png,panda,panda
inputs/datasets/animals/image/test/panda/05360-3598327449.png,panda,panda
inputs/datasets/animals/image/test/panda/05362-3598327451.png,panda,panda
inputs/datasets/animals/image/test/panda/05366-3598327455.png,panda,panda
inputs/datasets/animals/image/test/panda/05375-3598327464.png,panda,panda
inputs/datasets/animals/image/test/panda/05376-3598327465.png,panda,panda
inputs/datasets/animals/image/test/panda/05377-3598327466.png,panda,panda
inputs/datasets/animals/image/test/panda/05386-3598327475.png,panda,panda
inputs/datasets/animals/image/test/panda/05389-3598327478.png,panda,panda
inputs/datasets/animals/image/test/panda/05394-3598327483.png,panda,panda
inputs/datasets/animals/image/test/panda/05398-3598327487.png,panda,panda
inputs/datasets/animals/image/test/panda/05399-3598327488.png,panda,panda
inputs/datasets/animals/image/test/peacock/05419-3578035489.png,peacock,peacock
inputs/datasets/animals/image/test/peacock/05421-3578035491.png,peacock,peacock
inputs/datasets/animals/image/test/peacock/05423-3578035493.png,peacock,peacock
inputs/datasets/animals/image/test/peacock/05425-3578035495.png,peacock,peacock
inputs/datasets/animals/image/test/peacock/05428-3578035498.png,peacock,peacock
inputs/datasets/animals/image/test/peacock/05433-3578035503.png,peacock,peacock
inputs/datasets/animals/image/test/peacock/05435-3578035505.png,peacock,peacock
inputs/datasets/animals/image/test/peacock/05438-3578035508.png,peacock,peacock
inputs/datasets/animals/image/test/peacock/05447-3578035517.png,peacock,peacock
inputs/datasets/animals/image/test/peacock/05451-3578035521.png,peacock,peacock
inputs/datasets/animals/image/test/peacock/05457-3578035527.png,peacock,peacock
inputs/datasets/animals/image/test/peacock/05471-3578035541.png,peacock,peacock
inputs/datasets/animals/image/test/peacock/05475-3578035545.png,peacock,peacock
inputs/datasets/animals/image/test/peacock/05477-3578035547.png,peacock,peacock
inputs/datasets/animals/image/test/peacock/05485-3578035555.png,peacock,peacock
inputs/datasets/animals/image/test/peacock/05487-3578035557.png,peacock,peacock
inputs/datasets/animals/image/test/peacock/05496-3578035566.png,peacock,peacock
inputs/datasets/animals/image/test/peacock/05499-3578035569.png,peacock,peacock
inputs/datasets/animals/image/test/peacock/05501-3578035571.png,peacock,peacock
inputs/datasets/animals/image/test/peacock/05503-3578035573.png,peacock,peacock
inputs/datasets/animals/image/test/peacock/05509-3578035579.png,peacock,peacock
inputs/datasets/animals/image/test/peacock/05511-3578035581.png,peacock,peacock
inputs/datasets/animals/image/test/peacock/05515-3578035585.png,peacock,peacock
inputs/datasets/animals/image/test/peacock/05516-3578035586.png,peacock,peacock
inputs/datasets/animals/image/test/peacock/05521-3578035591.png,peacock,peacock
inputs/datasets/animals/image/test/peacock/05523-3578035593.png,peacock,peacock
inputs/datasets/animals/image/test/peacock/05524-3578035594.png,peacock,peacock
inputs/datasets/animals/image/test/peacock/05525-3578035595.png,peacock,peacock
inputs/datasets/animals/image/test/peacock/05534-3578035604.png,peacock,peacock
inputs/datasets/animals/image/test/peacock/05546-3578035616.png,peacock,peacock
inputs/datasets/animals/image/test/peacock/05552-3578035622.png,peacock,peacock
inputs/datasets/animals/image/test/peacock/05556-3578035626.png,peacock,peacock
inputs/datasets/animals/image/test/peacock/05560-3578035630.png,peacock,peacock
inputs/datasets/animals/image/test/peacock/05563-3578035633.png,peacock,peacock
inputs/datasets/animals/image/test/peacock/05565-3578035635.png,peacock,peacock
inputs/datasets/animals/image/test/peacock/05569-3578035639.png,peacock,peacock
inputs/datasets/animals/image/test/peacock/05578-3578035648.png,peacock,peacock
inputs/datasets/animals/image/test/peacock/05583-3578035653.png,peacock,peacock
inputs/datasets/animals/image/test/peacock/05588-3578035658.png,peacock,peacock
inputs/datasets/animals/image/test/peacock/05589-3578035659.png,peacock,peacock
inputs/datasets/animals/image/test/peacock/05598-3578035668.png,peacock,peacock
inputs/datasets/animals/image/test/peacock/05601-3578035671.png,peacock,peacock
inputs/datasets/animals/image/test/peacock/05607-3578035677.png,peacock,peacock
inputs/datasets/animals/image/test/peacock/05614-3578035684.png,peacock,peacock
inputs/datasets/animals/image/test/penguin/05620-324424022.png,penguin,penguin
inputs/datasets/animals/image/test/penguin/05623-324424025.png,penguin,penguin
inputs/datasets/animals/image/test/penguin/05626-324424028.png,penguin,penguin
inputs/datasets/animals/image/test/penguin/05631-324424033.png,penguin,penguin
inputs/datasets/animals/image/test/penguin/05634-324424036.png,penguin,penguin
inputs/datasets/animals/image/test/penguin/05649-324424051.png,penguin,penguin
inputs/datasets/animals/image/test/penguin/05653-324424055.png,penguin,penguin
inputs/datasets/animals/image/test/penguin/05659-324424061.png,penguin,penguin
inputs/datasets/animals/image/test/penguin/05662-324424064.png,penguin,penguin
inputs/datasets/animals/image/test/penguin/05669-324424071.png,penguin,penguin
inputs/datasets/animals/image/test/penguin/05684-324424086.png,penguin,penguin
inputs/datasets/animals/image/test/penguin/05686-324424088.png,penguin,penguin
inputs/datasets/animals/image/test/penguin/05687-324424089.png,penguin,penguin
inputs/datasets/animals/image/test/penguin/05688-324424090.png,penguin,penguin
inputs/datasets/animals/image/test/penguin/05691-324424093.png,penguin,penguin
inputs/datasets/animals/image/test/penguin/05704-324424106.png,penguin,penguin
inputs/datasets/animals/image/test/penguin/05707-324424109.png,penguin,penguin
inputs/datasets/animals/image/test/penguin/05710-324424112.png,penguin,penguin
inputs/datasets/animals/image/test/penguin/05714-324424116.png,penguin,penguin
inputs/datasets/animals/image/test/penguin/05734-324424136.png,penguin,penguin
inputs/datasets/animals/image/test/penguin/05739-324424141.png,penguin,penguin
inputs/datasets/animals/image/test/penguin/05748-324424150.png,penguin,penguin
inputs/datasets/animals/image/test/penguin/05751-324424153.png,penguin,penguin
inputs/datasets/animals/image/test/penguin/05755-324424157.png,penguin,penguin
inputs/datasets/animals/image/test/penguin/05766-324424168.png,penguin,penguin
inputs/datasets/animals/image/test/penguin/05768-324424170.png,penguin,penguin
inputs/datasets/animals/image/test/penguin/05770-324424172.png,penguin,penguin
inputs/datasets/animals/image/test/penguin/05772-324424174.png,penguin,penguin
inputs/datasets/animals/image/test/penguin/05777-324424179.png,penguin,penguin
inputs/datasets/animals/image/test/penguin/05779-324424181.png,penguin,penguin
inputs/datasets/animals/image/test/penguin/05785-324424187.png,penguin,penguin
inputs/datasets/animals/image/test/penguin/05786-324424188.png,penguin,penguin
inputs/datasets/animals/image/test/penguin/05787-324424189.png,penguin,penguin
inputs/datasets/animals/image/test/penguin/05793-324424195.png,penguin,penguin
inputs/datasets/animals/image/test/penguin/05797-324424199.png,penguin,penguin
inputs/datasets/animals/image/test/penguin/05799-324424201.png,penguin,penguin
inputs/datasets/animals/image/test/penguin/05802-324424204.png,penguin,penguin
inputs/datasets/animals/image/test/penguin/05803-324424205.png,penguin,penguin
inputs/datasets/animals/image/test/penguin/05805-324424207.png,penguin,penguin
inputs/datasets/animals/image/test/penguin/05816-324424218.png,penguin,penguin
inputs/datasets/animals/image/test/penguin/05817-324424219.png,penguin,penguin
inputs/datasets/animals/image/test/penguin/05819-324424221.png,penguin,penguin
inputs/datasets/animals/image/test/penguin/05821-324424223.png,penguin,penguin
inputs/datasets/animals/image/test/penguin/05825-324424227.png,penguin,penguin
inputs/datasets/animals/image/test/porcupine/05835-1708880218.png,porcupine,porcupine
inputs/datasets/animals/image/test/porcupine/05838-1708880221.png,porcupine,porcupine
inputs/datasets/animals/image/test/porcupine/05844-1708880227.png,porcupine,porcupine
inputs/datasets/animals/image/test/porcupine/05850-1708880233.png,porcupine,porcupine
inputs/datasets/animals/image/test/porcupine/05868-1708880251.png,porcupine,porcupine
inputs/datasets/animals/image/test/porcupine/05873-1708880256.png,porcupine,porcupine
inputs/datasets/animals/image/test/porcupine/05878-1708880261.png,porcupine,porcupine
inputs/datasets/animals/image/test/porcupine/05882-1708880265.png,porcupine,porcupine
inputs/datasets/animals/image/test/porcupine/05883-1708880266.png,porcupine,porcupine
inputs/datasets/animals/image/test/porcupine/05885-1708880268.png,porcupine,porcupine
inputs/datasets/animals/image/test/porcupine/05911-1708880294.png,porcupine,porcupine
inputs/datasets/animals/image/test/porcupine/05916-1708880299.png,porcupine,porcupine
inputs/datasets/animals/image/test/porcupine/05920-1708880303.png,porcupine,porcupine
inputs/datasets/animals/image/test/porcupine/05923-1708880306.png,porcupine,porcupine
inputs/datasets/animals/image/test/porcupine/05930-1708880313.png,porcupine,porcupine
inputs/datasets/animals/image/test/porcupine/05939-1708880322.png,porcupine,porcupine
inputs/datasets/animals/image/test/porcupine/05945-1708880328.png,porcupine,porcupine
inputs/datasets/animals/image/test/porcupine/05949-1708880332.png,porcupine,porcupine
inputs/datasets/animals/image/test/porcupine/05950-1708880333.png,porcupine,porcupine
inputs/datasets/animals/image/test/porcupine/05951-1708880334.png,porcupine,porcupine
inputs/datasets/animals/image/test/porcupine/05958-1708880341.png,porcupine,porcupine
inputs/datasets/animals/image/test/porcupine/05971-1708880354.png,porcupine,porcupine
inputs/datasets/animals/image/test/porcupine/05978-1708880361.png,porcupine,porcupine
inputs/datasets/animals/image/test/porcupine/05979-1708880362.png,porcupine,porcupine
inputs/datasets/animals/image/test/porcupine/05981-1708880364.png,porcupine,porcupine
inputs/datasets/animals/image/test/porcupine/05983-1708880366.png,porcupine,porcupine
inputs/datasets/animals/image/test/porcupine/05984-1708880367.png,porcupine,porcupine
inputs/datasets/animals/image/test/porcupine/05985-1708880368.png,porcupine,porcupine
inputs/datasets/animals/image/test/porcupine/05989-1708880372.png,porcupine,porcupine
inputs/datasets/animals/image/test/porcupine/05991-1708880374.png,porcupine,porcupine
inputs/datasets/animals/image/test/porcupine/05996-1708880379.png,porcupine,porcupine
inputs/datasets/animals/image/test/porcupine/05997-1708880380.png,porcupine,porcupine
inputs/datasets/animals/image/test/porcupine/06001-1708880384.png,porcupine,porcupine
inputs/datasets/animals/image/test/porcupine/06003-1708880386.png,porcupine,porcupine
inputs/datasets/animals/image/test/porcupine/06008-1708880391.png,porcupine,porcupine
inputs/datasets/animals/image/test/porcupine/06012-1708880395.png,porcupine,porcupine
inputs/datasets/animals/image/test/porcupine/06017-1708880400.png,porcupine,porcupine
inputs/datasets/animals/image/test/porcupine/06019-1708880402.png,porcupine,porcupine
inputs/datasets/animals/image/test/porcupine/06025-1708880408.png,porcupine,porcupine
inputs/datasets/animals/image/test/porcupine/06034-1708880417.png,porcupine,porcupine
inputs/datasets/animals/image/test/porcupine/06035-1708880418.png,porcupine,porcupine
inputs/datasets/animals/image/test/porcupine/06042-1708880425.png,porcupine,porcupine
inputs/datasets/animals/image/test/porcupine/06043-1708880426.png,porcupine,porcupine
inputs/datasets/animals/image/test/porcupine/06045-1708880428.png,porcupine,porcupine
inputs/datasets/animals/image/test/raccoon/06049-589265351.png,raccoon,raccoon
inputs/datasets/animals/image/test/raccoon/06056-589265358.png,raccoon,raccoon
inputs/datasets/animals/image/test/raccoon/06062-589265364.png,raccoon,raccoon
inputs/datasets/animals/image/test/raccoon/06064-589265366.png,raccoon,raccoon
inputs/datasets/animals/image/test/raccoon/06068-589265370.png,raccoon,raccoon
inputs/datasets/animals/image/test/raccoon/06075-589265377.png,raccoon,raccoon
inputs/datasets/animals/image/test/raccoon/06088-589265390.png,raccoon,raccoon
inputs/datasets/animals/image/test/raccoon/06095-589265397.png,raccoon,raccoon
inputs/datasets/animals/image/test/raccoon/06100-589265402.png,raccoon,raccoon
inputs/datasets/animals/image/test/raccoon/06102-589265404.png,raccoon,raccoon
inputs/datasets/animals/image/test/raccoon/06105-589265407.png,raccoon,raccoon
inputs/datasets/animals/image/test/raccoon/06111-589265413.png,raccoon,raccoon
inputs/datasets/animals/image/test/raccoon/06113-589265415.png,raccoon,raccoon
inputs/datasets/animals/image/test/raccoon/06119-589265421.png,raccoon,raccoon
inputs/datasets/animals/image/test/raccoon/06125-589265427.png,raccoon,raccoon
inputs/datasets/animals/image/test/raccoon/06130-589265432.png,raccoon,raccoon
inputs/datasets/animals/image/test/raccoon/06134-589265436.png,raccoon,raccoon
inputs/datasets/animals/image/test/raccoon/06138-589265440.png,raccoon,raccoon
inputs/datasets/animals/image/test/raccoon/06151-589265453.png,raccoon,raccoon
inputs/datasets/animals/image/test/raccoon/06154-589265456.png,raccoon,raccoon
inputs/datasets/animals/image/test/raccoon/06158-589265460.png,raccoon,raccoon
inputs/datasets/animals/image/test/raccoon/06162-589265464.png,raccoon,raccoon
inputs/datasets/animals/image/test/raccoon/06164-589265466.png,raccoon,raccoon
inputs/datasets/animals/image/test/raccoon/06166-589265468.png,raccoon,raccoon
inputs/datasets/animals/image/test/raccoon/06167-589265469.png,raccoon,raccoon
inputs/datasets/animals/image/test/raccoon/06173-589265475.png,raccoon,raccoon
inputs/datasets/animals/image/test/raccoon/06186-589265488.png,raccoon,raccoon
inputs/datasets/animals/image/test/raccoon/06193-589265495.png,raccoon,raccoon
inputs/datasets/animals/image/test/raccoon/06197-589265499.png,raccoon,raccoon
inputs/datasets/animals/image/test/raccoon/06199-589265501.png,raccoon,raccoon
inputs/datasets/animals/image/test/raccoon/06203-589265505.png,raccoon,raccoon
inputs/datasets/animals/image/test/raccoon/06207-589265509.png,raccoon,raccoon
inputs/datasets/animals/image/test/raccoon/06213-589265515.png,raccoon,raccoon
inputs/datasets/animals/image/test/raccoon/06216-589265518.png,raccoon,raccoon
inputs/datasets/animals/image/test/raccoon/06218-589265520.png,raccoon,raccoon
inputs/datasets/animals/image/test/raccoon/06224-589265526.png,raccoon,raccoon
inputs/datasets/animals/image/test/raccoon/06225-589265527.png,raccoon,raccoon
inputs/datasets/animals/image/test/raccoon/06227-589265529.png,raccoon,raccoon
inputs/datasets/animals/image/test/raccoon/06232-589265534.png,raccoon,raccoon
inputs/datasets/animals/image/test/raccoon/06234-589265536.png,raccoon,raccoon
inputs/datasets/animals/image/test/raccoon/06235-589265537.png,raccoon,raccoon
inputs/datasets/animals/image/test/raccoon/06243-589265545.png,raccoon,raccoon
inputs/datasets/animals/image/test/raccoon/06247-589265549.png,raccoon,raccoon
inputs/datasets/animals/image/test/raccoon/06258-589265560.png,raccoon,raccoon
inputs/datasets/animals/image/test/seal/06487-3354383888.png,seal,seal
inputs/datasets/animals/image/test/seal/06495-3354383896.png,seal,seal
inputs/datasets/animals/image/test/seal/06501-3354383902.png,seal,seal
inputs/datasets/animals/image/test/seal/06506-3354383907.png,seal,seal
inputs/datasets/animals/image/test/seal/06515-3354383916.png,seal,seal
inputs/datasets/animals/image/test/seal/06516-3354383917.png,seal,seal
inputs/datasets/animals/image/test/seal/06521-3354383922.png,seal,seal
inputs/datasets/animals/image/test/seal/06523-3354383924.png,seal,seal
inputs/datasets/animals/image/test/seal/06526-3354383927.png,seal,seal
inputs/datasets/animals/image/test/seal/06528-3354383929.png,seal,seal
inputs/datasets/animals/image/test/seal/06529-3354383930.png,seal,seal
inputs/datasets/animals/image/test/seal/06536-3354383937.png,seal,seal
inputs/datasets/animals/image/test/seal/06537-3354383938.png,seal,seal
inputs/datasets/animals/image/test/seal/06547-3354383948.png,seal,seal
inputs/datasets/animals/image/test/seal/06554-3354383955.png,seal,seal
inputs/datasets/animals/image/test/seal/06559-3354383960.png,seal,seal
inputs/datasets/animals/image/test/seal/06563-3354383964.png,seal,seal
inputs/datasets/animals/image/test/seal/06566-3354383967.png,seal,seal
inputs/datasets/animals/image/test/seal/06572-3354383973.png,seal,seal
inputs/datasets/animals/image/test/seal/06573-3354383974.png,seal,seal
inputs/datasets/animals/image/test/seal/06579-3354383980.png,seal,seal
inputs/datasets/animals/image/test/seal/06584-3354383985.png,seal,seal
inputs/datasets/animals/image/test/seal/06592-3354383993.png,seal,seal
inputs/datasets/animals/image/test/seal/06599-3354384000.png,seal,seal
inputs/datasets/animals/image/test/seal/06600-3354384001.png,seal,seal
inputs/datasets/animals/image/test/seal/06601-3354384002.png,seal,seal
inputs/datasets/animals/image/test/seal/06602-3354384003.png,seal,seal
inputs/datasets/animals/image/test/seal/06603-3354384004.png,seal,seal
inputs/datasets/animals/image/test/seal/06614-3354384015.png,seal,seal
inputs/datasets/animals/image/test/seal/06615-3354384016.png,seal,seal
inputs/datasets/animals/image/test/seal/06625-3354384026.png,seal,seal
inputs/datasets/animals/image/test/seal/06632-3354384033.png,seal,seal
inputs/datasets/animals/image/test/seal/06635-3354384036.png,seal,seal
inputs/datasets/animals/image/test/seal/06637-3354384038.png,seal,seal
inputs/datasets/animals/image/test/seal/06648-3354384049.png,seal,seal
inputs/datasets/animals/image/test/seal/06650-3354384051.png,seal,seal
inputs/datasets/animals/image/test/seal/06656-3354384057.png,seal,seal
inputs/datasets/animals/image/test/seal/06675-3354384076.png,seal,seal
inputs/datasets/animals/image/test/seal/06676-3354384077.png,seal,seal
inputs/datasets/animals/image/test/seal/06678-3354384079.png,seal,seal
inputs/datasets/animals/image/test/seal/06680-3354384081.png,seal,seal
inputs/datasets/animals/image/test/seal/06690-3354384091.png,seal,seal
inputs/datasets/animals/image/test/seal/06691-3354384092.png,seal,seal
inputs/datasets/animals/image/test/seal/06695-3354384096.png,seal,seal
inputs/datasets/animals/image/test/sheep/06697-3439980028.png,sheep,sheep
inputs/datasets/animals/image/test/sheep/06700-3439980031.png,sheep,sheep
inputs/datasets/animals/image/test/sheep/06706-3439980037.png,sheep,sheep
inputs/datasets/animals/image/test/sheep/06710-3439980041.png,sheep,sheep
inputs/datasets/animals/image/test/sheep/06716-3439980047.png,sheep,sheep
inputs/datasets/animals/image/test/sheep/06718-3439980049.png,sheep,sheep
inputs/datasets/animals/image/test/sheep/06744-3439980075.png,sheep,sheep
inputs/datasets/animals/image/test/sheep/06745-3439980076.png,sheep,sheep
inputs/datasets/animals/image/test/sheep/06748-3439980079.png,sheep,sheep
inputs/datasets/animals/image/test/sheep/06753-3439980084.png,sheep,sheep
inputs/datasets/animals/image/test/sheep/06757-3439980088.png,sheep,sheep
inputs/datasets/animals/image/test/sheep/06759-3439980090.png,sheep,sheep
inputs/datasets/animals/image/test/sheep/06771-3439980102.png,sheep,sheep
inputs/datasets/animals/image/test/sheep/06778-3439980109.png,sheep,sheep
inputs/datasets/animals/image/test/sheep/06786-3439980117.png,sheep,sheep
inputs/datasets/animals/image/test/sheep/06791-3439980122.png,sheep,sheep
inputs/datasets/animals/image/test/sheep/06794-3439980125.png,sheep,sheep
inputs/datasets/animals/image/test/sheep/06799-3439980130.png,sheep,sheep
inputs/datasets/animals/image/test/sheep/06801-3439980132.png,sheep,sheep
inputs/datasets/animals/image/test/sheep/06812-3439980143.png,sheep,sheep
inputs/datasets/animals/image/test/sheep/06814-3439980145.png,sheep,sheep
inputs/datasets/animals/image/test/sheep/06818-3439980149.png,sheep,sheep
inputs/datasets/animals/image/test/sheep/06821-3439980152.png,sheep,sheep
inputs/datasets/animals/image/test/sheep/06828-3439980159.png,sheep,sheep
inputs/datasets/animals/image/test/sheep/06836-3439980167.png,sheep,sheep
inputs/datasets/animals/image/test/sheep/06837-3439980168.png,sheep,sheep
inputs/datasets/animals/image/test/sheep/06839-3439980170.png,sheep,sheep
inputs/datasets/animals/image/test/sheep/06840-3439980171.png,sheep,sheep
inputs/datasets/animals/image/test/sheep/06842-3439980173.png,sheep,sheep
inputs/datasets/animals/image/test/sheep/06843-3439980174.png,sheep,sheep
inputs/datasets/animals/image/test/sheep/06846-3439980177.png,sheep,sheep
inputs/datasets/animals/image/test/sheep/06852-3439980183.png,sheep,sheep
inputs/datasets/animals/image/test/sheep/06855-3439980186.png,sheep,sheep
inputs/datasets/animals/image/test/sheep/06859-3439980190.png,sheep,sheep
inputs/datasets/animals/image/test/sheep/06880-3439980211.png,sheep,sheep
inputs/datasets/animals/image/test/sheep/06883-3439980214.png,sheep,sheep
inputs/datasets/animals/image/test/sheep/06885-3439980216.png,sheep,sheep
inputs/datasets/animals/image/test/sheep/06886-3439980217.png,sheep,sheep
inputs/datasets/animals/image/test/sheep/06889-3439980220.png,sheep,sheep
inputs/datasets/animals/image/test/sheep/06895-3439980226.png,sheep,sheep
inputs/datasets/animals/image/test/sheep/06898-3439980229.png,sheep,sheep
inputs/datasets/animals/image/test/sheep/06900-3439980231.png,sheep,sheep
inputs/datasets/animals/image/test/sheep/06907-3439980238.png,sheep,sheep
inputs/datasets/animals/image/test/sheep/06909-3439980240.png,sheep,sheep
inputs/datasets/animals/image/test/snail/06925-1822453619.png,snail,snail
inputs/datasets/animals/image/test/snail/06928-1822453622.png,snail,snail
inputs/datasets/animals/image/test/snail/06930-1822453624.png,snail,snail
inputs/datasets/animals/image/test/snail/06931-1822453625.png,snail,snail
inputs/datasets/animals/image/test/snail/06932-1822453626.png,snail,snail
inputs/datasets/animals/image/test/snail/06935-1822453629.png,snail,snail
inputs/datasets/animals/image/test/snail/06936-1822453630.png,snail,snail
inputs/datasets/animals/image/test/snail/06937-1822453631.png,snail,snail
inputs/datasets/animals/image/test/snail/06943-1822453637.png,snail,snail
inputs/datasets/animals/image/test/snail/06945-1822453639.png,snail,snail
inputs/datasets/animals/image/test/snail/06950-1822453644.png,snail,snail
inputs/datasets/animals/image/test/snail/06970-1822453664.png,snail,snail
inputs/datasets/animals/image/test/snail/06991-1822453685.png,snail,snail
inputs/datasets/animals/image/test/snail/06995-1822453689.png,snail,snail
inputs/datasets/animals/image/test/snail/07002-1822453696.png,snail,snail
inputs/datasets/animals/image/test/snail/07008-1822453702.png,snail,snail
inputs/datasets/animals/image/test/snail/07010-1822453704.png,snail,snail
inputs/datasets/animals/image/test/snail/07019-1822453713.png,snail,snail
inputs/datasets/animals/image/test/snail/07023-1822453717.png,snail,snail
inputs/datasets/animals/image/test/snail/07031-1822453725.png,snail,snail
inputs/datasets/animals/image/test/snail/07032-1822453726.png,snail,snail
inputs/datasets/animals/image/test/snail/07037-1822453731.png,snail,snail
inputs/datasets/animals/image/test/snail/07039-1822453733.png,snail,snail
inputs/datasets/animals/image/test/snail/07044-1822453738.png,snail,snail
inputs/datasets/animals/image/test/snail/07046-1822453740.png,snail,snail
inputs/datasets/animals/image/test/snail/07048-1822453742.png,snail,snail
inputs/datasets/animals/image/test/snail/07053-1822453747.png,snail,snail
inputs/datasets/animals/image/test/snail/07054-1822453748.png,snail,snail
inputs/datasets/animals/image/test/snail/07059-1822453753.png,snail,snail
inputs/datasets/animals/image/test/snail/07064-1822453758.png,snail,snail
inputs/datasets/animals/image/test/snail/07065-1822453759.png,snail,snail
inputs/datasets/animals/image/test/snail/07077-1822453771.png,snail,snail
inputs/datasets/animals/image/test/snail/07078-1822453772.png,snail,snail
inputs/datasets/animals/image/test/snail/07081-1822453775.png,snail,snail
inputs/datasets/animals/image/test/snail/07087-1822453781.png,snail,snail
inputs/datasets/animals/image/test/snail/07093-1822453787.png,snail,snail
inputs/datasets/animals/image/test/snail/07094-1822453788.png,snail,snail
inputs/datasets/animals/image/test/snail/07096-1822453790.png,snail,snail
inputs/datasets/animals/image/test/snail/07098-1822453792.png,snail,snail
inputs/datasets/animals/image/test/snail/07108-1822453802.png,snail,snail
inputs/datasets/animals/image/test/snail/07109-1822453803.png,snail,snail
inputs/datasets/animals/image/test/snail/07115-1822453809.png,snail,snail
inputs/datasets/animals/image/test/snail/07119-1822453813.png,snail,snail
inputs/datasets/animals/image/test/snail/07123-1822453817.png,snail,snail
inputs/datasets/animals/image/test/snake/07132-3971607115.png,snake,snake
inputs/datasets/animals/image/test/snake/07134-3971607117.png,snake,snake
inputs/datasets/animals/image/test/snake/07138-3971607121.png,snake,snake
inputs/datasets/animals/image/test/snake/07147-3971607130.png,snake,snake
inputs/datasets/animals/image/test/snake/07152-3971607135.png,snake,snake
inputs/datasets/animals/image/test/snake/07155-3971607138.png,snake,snake
inputs/datasets/animals/image/test/snake/07158-3971607141.png,snake,snake
inputs/datasets/animals/image/test/snake/07160-3971607143.png,snake,snake
inputs/datasets/animals/image/test/snake/07162-3971607145.png,snake,snake
inputs/datasets/animals/image/test/snake/07169-3971607152.png,snake,snake
inputs/datasets/animals/image/test/snake/07179-3971607162.png,snake,snake
inputs/datasets/animals/image/test/snake/07180-3971607163.png,snake,snake
inputs/datasets/animals/image/test/snake/07181-3971607164.png,snake,snake
inputs/datasets/animals/image/test/snake/07183-3971607166.png,snake,snake
inputs/datasets/animals/image/test/snake/07194-3971607177.png,snake,snake
inputs/datasets/animals/image/test/snake/07199-3971607182.png,snake,snake
inputs/datasets/animals/image/test/snake/07200-3971607183.png,snake,snake
inputs/datasets/animals/image/test/snake/07201-3971607184.png,snake,snake
inputs/datasets/animals/image/test/snake/07209-3971607192.png,snake,snake
inputs/datasets/animals/image/test/snake/07218-3971607201.png,snake,snake
inputs/datasets/animals/image/test/snake/07219-3971607202.png,snake,snake
inputs/datasets/animals/image/test/snake/07229-3971607212.png,snake,snake
inputs/datasets/animals/image/test/snake/07230-3971607213.png,snake,snake
inputs/datasets/animals/image/test/snake/07234-3971607217.png,snake,snake
inputs/datasets/animals/image/test/snake/07236-3971607219.png,snake,snake
inputs/datasets/animals/image/test/snake/07239-3971607222.png,snake,snake
inputs/datasets/animals/image/test/snake/07246-3971607229.png,snake,snake
inputs/datasets/animals/image/test/snake/07251-3971607234.png,snake,snake
inputs/datasets/animals/image/test/snake/07252-3971607235.png,snake,snake
inputs/datasets/animals/image/test/snake/07267-3971607250.png,snake,snake
inputs/datasets/animals/image/test/snake/07271-3971607254.png,snake,snake
inputs/datasets/animals/image/test/snake/07272-3971607255.png,snake,snake
inputs/datasets/animals/image/test/snake/07274-3971607257.png,snake,snake
inputs/datasets/animals/image/test/snake/07285-3971607268.png,snake,snake
inputs/datasets/animals/image/test/snake/07290-3971607273.png,snake,snake
inputs/datasets/animals/image/test/snake/07291-3971607274.png,snake,snake
inputs/datasets/animals/image/test/snake/07297-3971607280.png,snake,snake
inputs/datasets/animals/image/test/snake/07301-3971607284.png,snake,snake
inputs/datasets/animals/image/test/snake/07312-3971607295.png,snake,snake
inputs/datasets/animals/image/test/snake/07317-3971607300.png,snake,snake
inputs/datasets/animals/image/test/snake/07322-3971607305.png,snake,snake
inputs/datasets/animals/image/test/snake/07328-3971607311.png,snake,snake
inputs/datasets/animals/image/test/snake/07338-3971607321.png,snake,snake
inputs/datasets/animals/image/test/snake/07340-3971607323.png,snake,snake
inputs/datasets/animals/image/test/spider/07344-3362659182.png,spider,spider
inputs/datasets/animals/image/test/spider/07346-3362659184.png,spider,spider
inputs/datasets/animals/image/test/spider/07350-3362659188.png,spider,spider
inputs/datasets/animals/image/test/spider/07354-3362659192.png,spider,spider
inputs/datasets/animals/image/test/spider/07376-3362659214.png,spider,spider
inputs/datasets/animals/image/test/spider/07378-3362659216.png,spider,spider
inputs/datasets/animals/image/test/spider/07379-3362659217.png,spider,spider
inputs/datasets/animals/image/test/spider/07380-3362659218.png,spider,spider
inputs/datasets/animals/image/test/spider/07385-3362659223.png,spider,spider
inputs/datasets/animals/image/test/spider/07387-3362659225.png,spider,spider
inputs/datasets/animals/image/test/spider/07412-3362659250.png,spider,spider
inputs/datasets/animals/image/test/spider/07413-3362659251.png,spider,spider
inputs/datasets/animals/image/test/spider/07414-3362659252.png,spider,spider
inputs/datasets/animals/image/test/spider/07428-3362659266.png,spider,spider
inputs/datasets/animals/image/test/spider/07429-3362659267.png,spider,spider
inputs/datasets/animals/image/test/spider/07447-3362659285.png,spider,spider
inputs/datasets/animals/image/test/spider/07453-3362659291.png,spider,spider
inputs/datasets/animals/image/test/spider/07465-3362659303.png,spider,spider
inputs/datasets/animals/image/test/spider/07470-3362659308.png,spider,spider
inputs/datasets/animals/image/test/spider/07471-3362659309.png,spider,spider
inputs/datasets/animals/image/test/spider/07474-3362659312.png,spider,spider
inputs/datasets/animals/image/test/spider/07475-3362659313.png,spider,spider
inputs/datasets/animals/image/test/spider/07479-3362659317.png,spider,spider
inputs/datasets/animals/image/test/spider/07482-3362659320.png,spider,spider
inputs/datasets/animals/image/test/spider/07488-3362659326.png,spider,spider
inputs/datasets/animals/image/test/spider/07490-3362659328.png,spider,spider
inputs/datasets/animals/image/test/spider/07494-3362659332.png,spider,spider
inputs/datasets/animals/image/test/spider/07500-3362659338.png,spider,spider
inputs/datasets/animals/image/test/spider/07507-3362659345.png,spider,spider
inputs/datasets/animals/image/test/spider/07514-3362659352.png,spider,spider
inputs/datasets/animals/image/test/spider/07516-3362659354.png,spider,spider
inputs/datasets/animals/image/test/spider/07517-3362659355.png,spider,spider
inputs/datasets/animals/image/test/spider/07519-3362659357.png,spider,spider
inputs/datasets/animals/image/test/spider/07523-3362659361.png,spider,spider
inputs/datasets/animals/image/test/spider/07525-3362659363.png,spider,spider
inputs/datasets/animals/image/test/spider/07526-3362659364.png,spider,spider
inputs/datasets/animals/image/test/spider/07531-3362659369.png,spider,spider
inputs/datasets/animals/image/test/spider/07540-3362659378.png,spider,spider
inputs/datasets/animals/image/test/spider/07549-3362659387.png,spider,spider
inputs/datasets/animals/image/test/spider/07550-3362659388.png,spider,spider
inputs/datasets/animals/image/test/spider/07551-3362659389.png,spider,spider
inputs/datasets/animals/image/test/spider/07552-3362659390.png,spider,spider
inputs/datasets/animals/image/test/spider/07555-3362659393.png,spider,spider
inputs/datasets/animals/image/test/spider/07556-3362659394.png,spider,spider
inputs/datasets/animals/image/test/squid/07561-1861260535.png,squid,squid
inputs/datasets/animals/image/test/squid/07562-1861260536.png,squid,squid
inputs/datasets/animals/image/test/squid/07566-1861260540.png,squid,squid
inputs/datasets/animals/image/test/squid/07567-1861260541.png,squid,squid
inputs/datasets/animals/image/test/squid/07571-1861260545.png,squid,squid
inputs/datasets/animals/image/test/squid/07574-1861260548.png,squid,squid
inputs/datasets/animals/image/test/squid/07576-1861260550.png,squid,squid
inputs/datasets/animals/image/test/squid/07583-1861260557.png,squid,squid
inputs/datasets/animals/image/test/squid/07589-1861260563.png,squid,squid
inputs/datasets/animals/image/test/squid/07591-1861260565.png,squid,squid
inputs/datasets/animals/image/test/squid/07597-1861260571.png,squid,squid
inputs/datasets/animals/image/test/squid/07599-1861260573.png,squid,squid
inputs/datasets/animals/image/test/squid/07600-1861260574.png,squid,squid
inputs/datasets/animals/image/test/squid/07607-1861260581.png,squid,squid
inputs/datasets/animals/image/test/squid/07613-1861260587.png,squid,squid
inputs/datasets/animals/image/test/squid/07619-1861260593.png,squid,squid
inputs/datasets/animals/image/test/squid/07622-1861260596.png,squid,squid
inputs/datasets/animals/image/test/squid/07623-1861260597.png,squid,squid
inputs/datasets/animals/image/test/squid/07625-1861260599.png,squid,squid
inputs/datasets/animals/image/test/squid/07627-1861260601.png,squid,squid
inputs/datasets/animals/image/test/squid/07630-1861260604.png,squid,squid
inputs/datasets/animals/image/test/squid/07635-1861260609.png,squid,squid
inputs/datasets/animals/image/test/squid/07647-1861260621.png,squid,squid
inputs/datasets/animals/image/test/squid/07654-1861260628.png,squid,squid
inputs/datasets/animals/image/test/squid/07658-1861260632.png,squid,squid
inputs/datasets/animals/image/test/squid/07660-1861260634.png,squid,squid
inputs/datasets/animals/image/test/squid/07665-1861260639.png,squid,squid
inputs/datasets/animals/image/test/squid/07668-1861260642.png,squid,squid
inputs/datasets/animals/image/test/squid/07669-1861260643.png,squid,squid
inputs/datasets/animals/image/test/squid/07670-1861260644.png,squid,squid
inputs/datasets/animals/image/test/squid/07673-1861260647.png,squid,squid
inputs/datasets/animals/image/test/squid/07679-1861260653.png,squid,squid
inputs/datasets/animals/image/test/squid/07699-1861260673.png,squid,squid
inputs/datasets/animals/image/test/squid/07700-1861260674.png,squid,squid
inputs/datasets/animals/image/test/squid/07701-1861260675.png,squid,squid
inputs/datasets/animals/image/test/squid/07706-1861260680.png,squid,squid
inputs/datasets/animals/image/test/squid/07709-1861260683.png,squid,squid
inputs/datasets/animals/image/test/squid/07732-1861260706.png,squid,squid
inputs/datasets/animals/image/test/squid/07742-1861260716.png,squid,squid
inputs/datasets/animals/image/test/squid/07754-1861260728.png,squid,squid
inputs/datasets/animals/image/test/squid/07756-1861260730.png,squid,squid
inputs/datasets/animals/image/test/squid/07760-1861260734.png,squid,squid
inputs/datasets/animals/image/test/squid/07766-1861260740.png,squid,squid
inputs/datasets/animals/image/test/squid/07772-1861260746.png,squid,squid
inputs/datasets/animals/image/test/walrus/07780-3466953566.png,walrus,walrus
inputs/datasets/animals/image/test/walrus/07781-3466953567.png,walrus,walrus
inputs/datasets/animals/image/test/walrus/07783-3466953569.png,walrus,walrus
inputs/datasets/animals/image/test/walrus/07784-3466953570.png,walrus,walrus
inputs/datasets/animals/image/test/walrus/07785-3466953571.png,walrus,walrus
inputs/datasets/animals/image/test/walrus/07786-3466953572.png,walrus,walrus
inputs/datasets/animals/image/test/walrus/07792-3466953578.png,walrus,walrus
inputs/datasets/animals/image/test/walrus/07799-3466953585.png,walrus,walrus
inputs/datasets/animals/image/test/walrus/07803-3466953589.png,walrus,walrus
inputs/datasets/animals/image/test/walrus/07806-3466953592.png,walrus,walrus
inputs/datasets/animals/image/test/walrus/07807-3466953593.png,walrus,walrus
inputs/datasets/animals/image/test/walrus/07813-3466953599.png,walrus,walrus
inputs/datasets/animals/image/test/walrus/07816-3466953602.png,walrus,walrus
inputs/datasets/animals/image/test/walrus/07820-3466953606.png,walrus,walrus
inputs/datasets/animals/image/test/walrus/07825-3466953611.png,walrus,walrus
inputs/datasets/animals/image/test/walrus/07827-3466953613.png,walrus,walrus
inputs/datasets/animals/image/test/walrus/07838-3466953624.png,walrus,walrus
inputs/datasets/animals/image/test/walrus/07840-3466953626.png,walrus,walrus
inputs/datasets/animals/image/test/walrus/07841-3466953627.png,walrus,walrus
inputs/datasets/animals/image/test/walrus/07843-3466953629.png,walrus,walrus
inputs/datasets/animals/image/test/walrus/07847-3466953633.png,walrus,walrus
inputs/datasets/animals/image/test/walrus/07853-3466953639.png,walrus,walrus
inputs/datasets/animals/image/test/walrus/07855-3466953641.png,walrus,walrus
inputs/datasets/animals/image/test/walrus/07859-3466953645.png,walrus,walrus
inputs/datasets/animals/image/test/walrus/07864-3466953650.png,walrus,walrus
inputs/datasets/animals/image/test/walrus/07878-3466953664.png,walrus,walrus
inputs/datasets/animals/image/test/walrus/07883-3466953669.png,walrus,walrus
inputs/datasets/animals/image/test/walrus/07887-3466953673.png,walrus,walrus
inputs/datasets/animals/image/test/walrus/07896-3466953682.png,walrus,walrus
inputs/datasets/animals/image/test/walrus/07918-3466953704.png,walrus,walrus
inputs/datasets/animals/image/test/walrus/07921-3466953707.png,walrus,walrus
inputs/datasets/animals/image/test/walrus/07925-3466953711.png,walrus,walrus
inputs/datasets/animals/image/test/walrus/07942-3466953728.png,walrus,walrus
inputs/datasets/animals/image/test/walrus/07946-3466953732.png,walrus,walrus
inputs/datasets/animals/image/test/walrus/07949-3466953735.png,walrus,walrus
inputs/datasets/animals/image/test/walrus/07960-3466953746.png,walrus,walrus
inputs/datasets/animals/image/test/walrus/07962-3466953748.png,walrus,walrus
inputs/datasets/animals/image/test/walrus/07964-3466953750.png,walrus,walrus
inputs/datasets/animals/image/test/walrus/07967-3466953753.png,walrus,walrus
inputs/datasets/animals/image/test/walrus/07970-3466953756.png,walrus,walrus
inputs/datasets/animals/image/test/walrus/07977-3466953763.png,walrus,walrus
inputs/datasets/animals/image/test/walrus/07979-3466953765.png,walrus,walrus
inputs/datasets/animals/image/test/walrus/07985-3466953771.png,walrus,walrus
inputs/datasets/animals/image/test/walrus/07988-3466953774.png,walrus,walrus
inputs/datasets/animals/image/test/whale/07994-1321804414.png,whale,whale
inputs/datasets/animals/image/test/whale/07997-1321804417.png,whale,whale
inputs/datasets/animals/image/test/whale/08005-1321804425.png,whale,whale
inputs/datasets/animals/image/test/whale/08007-1321804427.png,whale,whale
inputs/datasets/animals/image/test/whale/08008-1321804428.png,whale,whale
inputs/datasets/animals/image/test/whale/08021-1321804441.png,whale,whale
inputs/datasets/animals/image/test/whale/08025-1321804445.png,whale,whale
inputs/datasets/animals/image/test/whale/08029-1321804449.png,whale,whale
inputs/datasets/animals/image/test/whale/08032-1321804452.png,whale,whale
inputs/datasets/animals/image/test/whale/08034-1321804454.png,whale,whale
inputs/datasets/animals/image/test/whale/08051-1321804471.png,whale,whale
inputs/datasets/animals/image/test/whale/08054-1321804474.png,whale,whale
inputs/datasets/animals/image/test/whale/08057-1321804477.png,whale,whale
inputs/datasets/animals/image/test/whale/08059-1321804479.png,whale,whale
inputs/datasets/animals/image/test/whale/08066-1321804486.png,whale,whale
inputs/datasets/animals/image/test/whale/08069-1321804489.png,whale,whale
inputs/datasets/animals/image/test/whale/08087-1321804507.png,whale,whale
inputs/datasets/animals/image/test/whale/08089-1321804509.png,whale,whale
inputs/datasets/animals/image/test/whale/08098-1321804518.png,whale,whale
inputs/datasets/animals/image/test/whale/08100-1321804520.png,whale,whale
inputs/datasets/animals/image/test/whale/08103-1321804523.png,whale,whale
inputs/datasets/animals/image/test/whale/08104-1321804524.png,whale,whale
inputs/datasets/animals/image/test/whale/08106-1321804526.png,whale,whale
inputs/datasets/animals/image/test/whale/08111-1321804531.png,whale,whale
inputs/datasets/animals/image/test/whale/08118-1321804538.png,whale,whale
inputs/datasets/animals/image/test/whale/08120-1321804540.png,whale,whale
inputs/datasets/animals/image/test/whale/08127-1321804547.png,whale,whale
inputs/datasets/animals/image/test/whale/08128-1321804548.png,whale,whale
inputs/datasets/animals/image/test/whale/08130-1321804550.png,whale,whale
inputs/datasets/animals/image/test/whale/08135-1321804555.png,whale,whale
inputs/datasets/animals/image/test/whale/08138-1321804558.png,whale,whale
inputs/datasets/animals/image/test/whale/08141-1321804561.png,whale,whale
inputs/datasets/animals/image/test/whale/08143-1321804563.png,whale,whale
inputs/datasets/animals/image/test/whale/08148-1321804568.png,whale,whale
inputs/datasets/animals/image/test/whale/08155-1321804575.png,whale,whale
inputs/datasets/animals/image/test/whale/08176-1321804596.png,whale,whale
inputs/datasets/animals/image/test/whale/08177-1321804597.png,whale,whale
inputs/datasets/animals/image/test/whale/08183-1321804603.png,whale,whale
inputs/datasets/animals/image/test/whale/08187-1321804607.png,whale,whale
inputs/datasets/animals/image/test/whale/08188-1321804608.png,whale,whale
inputs/datasets/animals/image/test/whale/08195-1321804615.png,whale,whale
inputs/datasets/animals/image/test/whale/08197-1321804617.png,whale,whale
inputs/datasets/animals/image/test/whale/08201-1321804621.png,whale,whale
inputs/datasets/animals/image/test/whale/08203-1321804623.png,whale,whale
inputs/datasets/animals/image/test/wolf/08210-688626721.png,wolf,wolf
inputs/datasets/animals/image/test/wolf/08220-688626731.png,wolf,wolf
inputs/datasets/animals/image/test/wolf/08223-688626734.png,wolf,wolf
inputs/datasets/animals/image/test/wolf/08225-688626736.png,wolf,wolf
inputs/datasets/animals/image/test/wolf/08228-688626739.png,wolf,wolf
inputs/datasets/animals/image/test/wolf/08233-688626744.png,wolf,wolf
inputs/datasets/animals/image/test/wolf/08241-688626752.png,wolf,wolf
inputs/datasets/animals/image/test/wolf/08242-688626753.png,wolf,wolf
inputs/datasets/animals/image/test/wolf/08247-688626758.png,wolf,wolf
inputs/datasets/animals/image/test/wolf/08248-688626759.png,wolf,wolf
inputs/datasets/animals/image/test/wolf/08252-688626763.png,wolf,wolf
inputs/datasets/animals/image/test/wolf/08257-688626768.png,wolf,wolf
inputs/datasets/animals/image/test/wolf/08258-688626769.png,wolf,wolf
inputs/datasets/animals/image/test/wolf/08266-688626777.png,wolf,wolf
inputs/datasets/animals/image/test/wolf/08269-688626780.png,wolf,wolf
inputs/datasets/animals/image/test/wolf/08275-688626786.png,wolf,wolf
inputs/datasets/animals/image/test/wolf/08278-688626789.png,wolf,wolf
inputs/datasets/animals/image/test/wolf/08282-688626793.png,wolf,wolf
inputs/datasets/animals/image/test/wolf/08293-688626804.png,wolf,wolf
inputs/datasets/animals/image/test/wolf/08294-688626805.png,wolf,wolf
inputs/datasets/animals/image/test/wolf/08298-688626809.png,wolf,wolf
inputs/datasets/animals/image/test/wolf/08299-688626810.png,wolf,wolf
inputs/datasets/animals/image/test/wolf/08310-688626821.png,wolf,wolf
inputs/datasets/animals/image/test/wolf/08313-688626824.png,wolf,wolf
inputs/datasets/animals/image/test/wolf/08317-688626828.png,wolf,wolf
inputs/datasets/animals/image/test/wolf/08322-688626833.png,wolf,wolf
inputs/datasets/animals/image/test/wolf/08334-688626845.png,wolf,wolf
inputs/datasets/animals/image/test/wolf/08343-688626854.png,wolf,wolf
inputs/datasets/animals/image/test/wolf/08354-688626865.png,wolf,wolf
inputs/datasets/animals/image/test/wolf/08355-688626866.png,wolf,wolf
inputs/datasets/animals/image/test/wolf/08370-688626881.png,wolf,wolf
inputs/datasets/animals/image/test/wolf/08372-688626883.png,wolf,wolf
inputs/datasets/animals/image/test/wolf/08376-688626887.png,wolf,wolf
inputs/datasets/animals/image/test/wolf/08384-688626895.png,wolf,wolf
inputs/datasets/animals/image/test/wolf/08388-688626899.png,wolf,wolf
inputs/datasets/animals/image/test/wolf/08391-688626902.png,wolf,wolf
inputs/datasets/animals/image/test/wolf/08393-688626904.png,wolf,wolf
inputs/datasets/animals/image/test/wolf/08394-688626905.png,wolf,wolf
inputs/datasets/animals/image/test/wolf/08399-688626910.png,wolf,wolf
inputs/datasets/animals/image/test/wolf/08407-688626918.png,wolf,wolf
inputs/datasets/animals/image/test/wolf/08412-688626923.png,wolf,wolf
inputs/datasets/animals/image/test/wolf/08413-688626924.png,wolf,wolf
inputs/datasets/animals/image/test/wolf/08418-688626929.png,wolf,wolf
inputs/datasets/animals/image/test/wolf/08419-688626930.png,wolf,wolf
